contract_id,tender_id,bid_id,vendor_id,award_amount,change_order_count,change_order_value_ratio,reported_completion_pct,actual_completion_pct,delivery_confirmed,inspection_mismatch_flag,is_phantom_gt,fraud_tag
C-00000,T-00000,B-000000,V-0254,4684699.72,1,0.03,96,96,True,False,False,none
C-00001,T-00001,B-000002,V-0013,43720007.47,1,0.03,92,92,True,False,False,none
C-00002,T-00002,B-000005,V-0026,663440.21,9,0.59,100,100,True,False,False,change_order_abuse
C-00003,T-00003,B-000011,V-0023,13080171.72,0,0.0,100,100,True,False,False,none
C-00004,T-00004,B-000017,V-0361,1508684.3,4,0.44,100,100,True,False,False,change_order_abuse
C-00005,T-00005,B-000024,V-0210,2742106.86,0,0.0,95,95,True,False,False,none
C-00006,T-00006,B-000025,V-0010,5050919.86,4,0.73,100,100,True,False,False,change_order_abuse
C-00007,T-00007,B-000027,V-0196,8089454.7,6,0.84,100,100,True,False,False,change_order_abuse
C-00008,T-00008,B-000036,V-0222,7814482.25,4,0.69,100,100,True,False,False,change_order_abuse
C-00009,T-00009,B-000037,V-0239,9537593.42,0,0.0,94,94,True,False,False,none
C-00010,T-00010,B-000044,V-0157,7771800.65,0,0.0,92,92,True,False,False,none
C-00011,T-00011,B-000049,V-0092,632293.88,5,0.46,100,100,True,False,False,change_order_abuse
C-00012,T-00012,B-000050,V-0446,688472.14,5,0.58,100,100,True,False,False,change_order_abuse
C-00013,T-00013,B-000055,V-0031,640040.14,2,0.06,92,92,True,False,False,none
C-00014,T-00014,B-000060,V-0328,654903.53,6,0.37,100,100,True,False,False,change_order_abuse
C-00015,T-00015,B-000064,V-0466,588966.35,0,0.0,98,98,True,False,False,none
C-00016,T-00016,B-000072,V-0390,5338420.76,9,0.85,100,100,True,False,False,change_order_abuse
C-00017,T-00017,B-000073,V-0428,11806029.35,1,0.03,100,100,True,False,False,none
C-00018,T-00018,B-000076,V-0185,1411057.25,10,0.7,100,100,True,False,False,change_order_abuse
C-00019,T-00019,B-000082,V-0133,13001735.09,7,0.53,100,100,True,False,False,change_order_abuse
C-00020,T-00020,B-000085,V-0092,12321938.38,4,0.89,100,100,True,False,False,change_order_abuse
C-00021,T-00021,B-000087,V-0426,12665829.89,0,0.0,92,92,True,False,False,none
C-00022,T-00022,B-000090,V-0205,13135575.5,0,0.0,98,98,True,False,False,none
C-00023,T-00023,B-000096,V-0148,2415555.87,8,0.41,100,100,True,False,False,change_order_abuse
C-00024,T-00024,B-000101,V-0049,2109172.27,7,0.47,100,100,True,False,False,change_order_abuse
C-00025,T-00025,B-000104,V-0050,2434131.15,10,0.58,100,100,True,False,False,change_order_abuse
C-00026,T-00026,B-000108,V-0358,15171362.45,1,0.03,98,98,True,False,False,shell_company
C-00027,T-00027,B-000113,V-0455,5105228.75,9,0.52,100,100,True,False,False,change_order_abuse
C-00028,T-00028,B-000114,V-0495,604070.73,10,0.35,100,100,True,False,False,change_order_abuse
C-00029,T-00029,B-000116,V-0344,456647.28,6,0.39,100,100,True,False,False,change_order_abuse
C-00030,T-00030,B-000123,V-0100,2453163.46,4,0.59,100,100,True,False,False,change_order_abuse
C-00031,T-00031,B-000126,V-0222,2393316.27,7,0.35,100,100,True,False,False,change_order_abuse
C-00032,T-00032,B-000129,V-0326,2970739.82,0,0.0,94,94,True,False,False,none
C-00033,T-00033,B-000135,V-0339,24237442.77,9,0.53,100,100,True,False,False,change_order_abuse
C-00034,T-00034,B-000141,V-0435,436630.18,6,0.75,100,100,True,False,False,change_order_abuse
C-00035,T-00035,B-000142,V-0173,553002.46,7,0.51,100,100,True,False,False,change_order_abuse
C-00036,T-00036,B-000150,V-0010,419421.87,1,0.03,96,96,True,False,False,none
C-00037,T-00037,B-000152,V-0191,38379052.27,0,0.0,92,92,True,False,False,none
C-00038,T-00038,B-000155,V-0080,12519484.9,0,0.0,99,99,True,False,False,none
C-00039,T-00039,B-000162,V-0048,13945887.55,4,0.42,100,100,True,False,False,change_order_abuse
C-00040,T-00040,B-000169,V-0464,13952708.24,0,0.0,100,0,False,False,True,phantom_project
C-00041,T-00041,B-000175,V-0414,11060329.2,1,0.03,100,100,True,False,False,none
C-00042,T-00042,B-000179,V-0164,2347504.68,2,0.06,96,96,True,False,False,none
C-00043,T-00043,B-000181,V-0053,995649.76,1,0.03,96,96,True,False,False,none
C-00044,T-00044,B-000182,V-0011,13452591.01,0,0.0,93,93,True,False,False,conflict_of_interest
C-00045,T-00045,B-000187,V-0450,9056868.25,0,0.0,100,0,False,False,True,phantom_project
C-00046,T-00046,B-000192,V-0241,12663551.17,0,0.0,95,95,True,False,False,none
C-00047,T-00047,B-000193,V-0159,3140958.55,0,0.0,100,0,False,False,True,phantom_project
C-00048,T-00048,B-000199,V-0325,439386.57,0,0.0,92,92,True,False,False,none
C-00049,T-00049,B-000200,V-0039,515805.42,0,0.0,100,0,False,False,True,phantom_project
C-00050,T-00050,B-000207,V-0303,512349.64,0,0.0,98,98,True,False,False,none
C-00051,T-00051,B-000209,V-0261,501639.69,0,0.0,95,95,True,False,False,none
C-00052,T-00052,B-000212,V-0197,1257777.03,0,0.0,98,98,True,False,False,none
C-00053,T-00053,B-000217,V-0333,656164.74,0,0.0,100,0,False,False,True,phantom_project
C-00054,T-00054,B-000221,V-0468,1811334.94,0,0.0,100,0,False,False,True,phantom_project
C-00055,T-00055,B-000228,V-0251,2050574.98,0,0.0,100,0,False,False,True,phantom_project
C-00056,T-00056,B-000231,V-0049,5373609.11,0,0.0,100,0,False,False,True,phantom_project
C-00057,T-00057,B-000234,V-0086,4328889.01,0,0.0,100,0,False,False,True,phantom_project
C-00058,T-00058,B-000236,V-0088,8226558.87,0,0.0,100,0,False,False,True,phantom_project
C-00059,T-00059,B-000239,V-0140,1506114.82,0,0.0,100,0,False,False,True,phantom_project
C-00060,T-00060,B-000240,V-0093,3767461.82,1,0.03,94,94,True,False,False,price_inflation
C-00061,T-00061,B-000244,V-0348,1054843.78,0,0.0,100,0,False,False,True,phantom_project
C-00062,T-00062,B-000245,V-0427,640215.22,0,0.0,95,32,True,False,False,misrepresented_status
C-00063,T-00063,B-000248,V-0230,663979.56,1,0.03,90,90,True,False,False,none
C-00064,T-00064,B-000255,V-0111,680374.02,0,0.0,91,91,True,False,False,none
C-00065,T-00065,B-000259,V-0165,4525760.84,0,0.0,95,30,True,False,False,misrepresented_status
C-00066,T-00066,B-000265,V-0242,1548915.3,0,0.0,95,95,True,False,False,none
C-00067,T-00067,B-000269,V-0305,1895171.32,0,0.0,96,96,True,False,False,none
C-00068,T-00068,B-000272,V-0036,29659211.09,0,0.0,97,97,True,False,False,bid_rigging
C-00069,T-00069,B-000276,V-0241,2448011.85,0,0.0,90,45,True,False,False,misrepresented_status
C-00070,T-00070,B-000281,V-0036,16863187.05,0,0.0,87,48,True,False,False,misrepresented_status
C-00071,T-00071,B-000283,V-0255,1994484.39,0,0.0,85,35,True,False,False,misrepresented_status
C-00072,T-00072,B-000287,V-0133,1628262.42,0,0.0,96,54,True,False,False,misrepresented_status
C-00073,T-00073,B-000294,V-0248,191644.64,3,0.09,98,98,True,False,False,none
C-00074,T-00074,B-000296,V-0388,303638.49,0,0.0,100,27,True,False,False,misrepresented_status
C-00075,T-00075,B-000302,V-0172,1934504.91,1,0.03,96,96,True,False,False,none
C-00076,T-00076,B-000307,V-0273,5251847.07,0,0.0,94,28,True,False,False,misrepresented_status
C-00077,T-00077,B-000314,V-0477,26048265.0,0,0.0,92,43,True,False,False,misrepresented_status
C-00078,T-00078,B-000317,V-0131,1226519.86,0,0.0,95,95,True,False,False,none
C-00079,T-00079,B-000318,V-0263,1346418.69,1,0.03,94,94,True,False,False,none
C-00080,T-00080,B-000328,V-0236,1279082.88,0,0.0,95,95,True,False,False,none
C-00081,T-00081,B-000331,V-0285,1099389.08,0,0.0,92,92,True,False,False,none
C-00082,T-00082,B-000334,V-0495,1159286.94,0,0.0,96,46,True,False,False,misrepresented_status
C-00083,T-00083,B-000340,V-0192,7245566.63,0,0.0,99,51,True,False,False,misrepresented_status
C-00084,T-00084,B-000345,V-0392,2482960.41,0,0.0,91,91,True,False,False,none
C-00085,T-00085,B-000347,V-0452,3249569.06,0,0.0,91,48,True,False,False,misrepresented_status
C-00086,T-00086,B-000349,V-0422,20022482.27,1,0.03,98,98,True,False,False,none
C-00087,T-00087,B-000353,V-0312,1194065.99,0,0.0,94,41,True,False,False,misrepresented_status
C-00088,T-00088,B-000359,V-0452,4572424.63,0,0.0,89,48,True,False,False,misrepresented_status
C-00089,T-00089,B-000360,V-0457,3757435.32,1,0.03,95,95,True,False,False,none
C-00090,T-00090,B-000364,V-0256,2207260.83,0,0.0,100,100,True,False,False,none
C-00091,T-00091,B-000365,V-0443,8836574.84,0,0.0,97,20,True,False,False,misrepresented_status
C-00092,T-00092,B-000371,V-0204,7858245.31,0,0.0,95,95,True,False,False,none
C-00093,T-00093,B-000373,V-0086,9476743.72,0,0.0,99,99,True,False,False,none
C-00094,T-00094,B-000374,V-0168,8590799.72,0,0.0,86,26,True,False,False,misrepresented_status
C-00095,T-00095,B-000380,V-0132,8540054.8,0,0.0,100,100,True,False,False,none
C-00096,T-00096,B-000382,V-0150,689100.93,1,0.03,92,92,True,False,False,none
C-00097,T-00097,B-000388,V-0316,4262742.49,0,0.0,91,32,True,False,False,misrepresented_status
C-00098,T-00098,B-000394,V-0398,1229127.4,0,0.0,97,23,True,False,False,misrepresented_status
C-00099,T-00099,B-000395,V-0459,1259935.19,0,0.0,100,100,True,True,False,product_substitution
C-00100,T-00100,B-000401,V-0353,1540292.98,2,0.06,94,94,True,False,False,none
C-00101,T-00101,B-000404,V-0463,39424488.6,0,0.0,100,100,True,True,False,product_substitution
C-00102,T-00102,B-000406,V-0244,2570505.97,0,0.0,91,91,True,False,False,none
C-00103,T-00103,B-000416,V-0412,1722341.76,0,0.0,100,100,True,True,False,product_substitution
C-00104,T-00104,B-000419,V-0140,1984391.86,1,0.03,99,99,True,False,False,none
C-00105,T-00105,B-000424,V-0093,1758532.56,0,0.0,99,99,True,False,False,none
C-00106,T-00106,B-000434,V-0242,2179169.43,0,0.0,93,93,True,False,False,none
C-00107,T-00107,B-000436,V-0481,2086268.98,0,0.0,100,100,True,True,False,product_substitution
C-00108,T-00108,B-000439,V-0099,5063195.25,0,0.0,97,97,True,False,False,bid_rigging
C-00109,T-00109,B-000441,V-0166,4849572.2,0,0.0,100,100,True,True,False,product_substitution
C-00110,T-00110,B-000445,V-0028,19878248.95,0,0.0,91,91,True,False,False,none
C-00111,T-00111,B-000453,V-0279,1357915.27,1,0.03,99,99,True,False,False,none
C-00112,T-00112,B-000455,V-0497,2380527.0,0,0.0,100,100,True,False,False,none
C-00113,T-00113,B-000461,V-0030,7053388.16,0,0.0,100,100,True,True,False,product_substitution
C-00114,T-00114,B-000462,V-0399,24598637.53,0,0.0,99,99,True,False,False,none
C-00115,T-00115,B-000468,V-0455,3464114.98,0,0.0,100,100,True,True,False,product_substitution
C-00116,T-00116,B-000474,V-0450,1363456.51,0,0.0,100,100,True,True,False,product_substitution
C-00117,T-00117,B-000478,V-0161,1035669.9,0,0.0,95,95,True,False,False,none
C-00118,T-00118,B-000482,V-0227,7756681.68,0,0.0,90,90,True,False,False,none
C-00119,T-00119,B-000488,V-0250,8156950.03,0,0.0,93,93,True,False,False,none
C-00120,T-00120,B-000489,V-0260,7845990.43,0,0.0,100,100,True,True,False,product_substitution
C-00121,T-00121,B-000494,V-0329,8007305.76,0,0.0,98,98,True,False,False,none
C-00122,T-00122,B-000495,V-0072,3319021.26,0,0.0,100,100,True,False,False,none
C-00123,T-00123,B-000497,V-0031,8989243.03,0,0.0,100,100,True,True,False,product_substitution
C-00124,T-00124,B-000499,V-0479,787559.55,1,0.03,98,98,True,False,False,none
C-00125,T-00125,B-000502,V-0318,16944365.74,0,0.0,100,100,True,True,False,product_substitution
C-00126,T-00126,B-000506,V-0007,1104153.72,0,0.0,98,98,True,False,False,none
C-00127,T-00127,B-000512,V-0068,4066041.03,0,0.0,98,98,True,False,False,none
C-00128,T-00128,B-000513,V-0064,772675.16,0,0.0,100,100,True,True,False,product_substitution
C-00129,T-00129,B-000518,V-0337,1817432.61,0,0.0,98,98,True,False,False,none
C-00130,T-00130,B-000521,V-0463,15647517.0,1,0.03,94,94,True,False,False,none
C-00131,T-00131,B-000523,V-0058,3537108.12,0,0.0,99,99,True,False,False,bid_rigging
C-00132,T-00132,B-000528,V-0095,34791487.03,0,0.0,100,100,True,True,False,product_substitution
C-00133,T-00133,B-000534,V-0157,652942.11,1,0.03,90,90,True,False,False,none
C-00134,T-00134,B-000537,V-0181,615687.93,0,0.0,99,99,True,False,False,none
C-00135,T-00135,B-000543,V-0084,652898.56,0,0.0,100,100,True,True,False,product_substitution
C-00136,T-00136,B-000544,V-0164,604667.92,0,0.0,100,100,True,True,False,product_substitution
C-00137,T-00137,B-000551,V-0081,593169.96,0,0.0,100,100,True,True,False,product_substitution
C-00138,T-00138,B-000552,V-0371,618469.57,0,0.0,99,99,True,False,False,none
C-00139,T-00139,B-000554,V-0266,545465.84,2,0.06,99,99,True,False,False,none
C-00140,T-00140,B-000557,V-0380,636893.0,0,0.0,100,100,True,False,False,none
C-00141,T-00141,B-000560,V-0264,2632530.78,0,0.0,94,94,True,False,False,bid_rigging
C-00142,T-00142,B-000561,V-0488,362872.02,2,0.06,100,100,True,False,False,shell_company
C-00143,T-00143,B-000565,V-0222,147707.88,1,0.03,100,100,True,False,False,none
C-00144,T-00144,B-000567,V-0490,2992168.15,0,0.0,94,94,True,False,False,shell_company
C-00145,T-00145,B-000571,V-0110,3025724.2,0,0.0,100,100,True,True,False,product_substitution
C-00146,T-00146,B-000575,V-0129,17832772.31,1,0.03,90,90,True,False,False,none
C-00147,T-00147,B-000581,V-0432,10400700.79,0,0.0,100,100,True,True,False,product_substitution
C-00148,T-00148,B-000584,V-0095,829814.13,1,0.03,92,92,True,False,False,none
C-00149,T-00149,B-000592,V-0046,2520360.2,0,0.0,92,92,True,False,False,none
C-00150,T-00150,B-000595,V-0140,769649.01,0,0.0,100,100,True,True,False,product_substitution
C-00151,T-00151,B-000599,V-0439,2590623.3,2,0.06,95,95,True,False,False,none
C-00152,T-00152,B-000602,V-0361,2430166.98,0,0.0,100,100,True,True,False,product_substitution
C-00153,T-00153,B-000605,V-0413,2332061.77,0,0.0,100,100,True,True,False,product_substitution
C-00154,T-00154,B-000607,V-0316,5533034.12,0,0.0,95,95,True,False,False,none
C-00155,T-00155,B-000613,V-0306,752174.22,0,0.0,91,91,True,False,False,none
C-00156,T-00156,B-000618,V-0119,3187116.96,0,0.0,90,90,True,False,False,none
C-00157,T-00157,B-000625,V-0015,1758192.55,2,0.06,94,94,True,False,False,none
C-00158,T-00158,B-000627,V-0094,106235194.96,0,0.0,100,0,False,False,False,grand_deception
C-00159,T-00159,B-000631,V-0000,1262731.68,0,0.0,93,93,True,False,False,none
C-00160,T-00160,B-000634,V-0255,5152965.05,0,0.0,98,98,True,False,False,none
C-00161,T-00161,B-000644,V-0254,5326233.13,1,0.03,100,100,True,False,False,none
C-00162,T-00162,B-000646,V-0076,287861.89,0,0.0,99,99,True,False,False,bid_rigging
C-00163,T-00163,B-000652,V-0312,6008485.06,0,0.0,97,97,True,False,False,none
C-00164,T-00164,B-000654,V-0378,3951363.19,0,0.0,99,99,True,False,False,none
C-00165,T-00165,B-000658,V-0466,2420964.51,0,0.0,95,95,True,False,False,none
C-00166,T-00166,B-000660,V-0105,11129100.69,0,0.0,95,95,True,False,False,none
C-00167,T-00167,B-000667,V-0126,1960360.52,2,0.06,93,93,True,False,False,none
C-00168,T-00168,B-000671,V-0212,12738503.76,0,0.0,97,97,True,False,False,none
C-00169,T-00169,B-000672,V-0326,2062205.29,0,0.0,100,100,True,False,False,none
C-00170,T-00170,B-000676,V-0146,16746888.74,0,0.0,98,98,True,False,False,none
C-00171,T-00171,B-000679,V-0094,6672773.61,0,0.0,100,0,False,False,False,grand_deception
C-00172,T-00172,B-000685,V-0089,735049.53,0,0.0,93,93,True,False,False,ai_generated_doc
C-00173,T-00173,B-000690,V-0285,802076.29,1,0.03,100,100,True,False,False,none
C-00174,T-00174,B-000694,V-0393,6725814.3,0,0.0,100,0,False,False,False,grand_deception
C-00175,T-00175,B-000700,V-0325,919759.25,0,0.0,90,90,True,False,False,none
C-00176,T-00176,B-000706,V-0021,4870929.31,2,0.06,100,100,True,False,False,none
C-00177,T-00177,B-000709,V-0370,1295050.61,0,0.0,100,100,True,False,False,none
C-00178,T-00178,B-000714,V-0333,1025320.62,0,0.0,97,97,True,False,False,none
C-00179,T-00179,B-000717,V-0479,2694562.83,0,0.0,91,91,True,False,False,none
C-00180,T-00180,B-000719,V-0079,1388235.97,0,0.0,100,100,True,False,False,none
C-00181,T-00181,B-000724,V-0169,4013279.72,0,0.0,93,93,True,False,False,none
C-00182,T-00182,B-000729,V-0228,5004419.73,1,0.03,90,90,True,False,False,price_inflation
C-00183,T-00183,B-000730,V-0465,311047.02,0,0.0,90,90,True,False,False,none
C-00184,T-00184,B-000736,V-0457,1591199.04,0,0.0,98,98,True,False,False,none
C-00185,T-00185,B-000740,V-0308,3122883.82,0,0.0,100,0,False,False,False,grand_deception
C-00186,T-00186,B-000743,V-0462,1201203.1,0,0.0,93,93,True,False,False,none
C-00187,T-00187,B-000747,V-0154,12802079.31,1,0.03,98,98,True,False,False,none
C-00188,T-00188,B-000752,V-0437,1024956.53,0,0.0,90,90,True,False,False,none
C-00189,T-00189,B-000753,V-0441,620092.4,0,0.0,93,93,True,False,False,none
C-00190,T-00190,B-000758,V-0465,809711.04,1,0.03,99,99,True,False,False,none
C-00191,T-00191,B-000761,V-0095,2355517.8,1,0.03,92,92,True,False,False,none
C-00192,T-00192,B-000764,V-0271,13916924.32,0,0.0,95,95,True,False,False,price_inflation
C-00193,T-00193,B-000767,V-0434,2980893.01,0,0.0,90,90,True,False,False,price_inflation
C-00194,T-00194,B-000770,V-0144,2338075.07,2,0.06,93,93,True,False,False,none
C-00195,T-00195,B-000776,V-0469,18478583.97,0,0.0,92,92,True,False,False,none
C-00196,T-00196,B-000779,V-0381,628924.55,0,0.0,100,100,True,False,False,none
C-00197,T-00197,B-000784,V-0012,1263867.94,0,0.0,95,95,True,False,False,none
C-00198,T-00198,B-000787,V-0254,26405526.37,0,0.0,97,97,True,False,False,none
C-00199,T-00199,B-000789,V-0485,627290.56,2,0.06,100,100,True,False,False,none
C-00200,T-00200,B-000794,V-0350,1305271.83,0,0.0,91,91,True,False,False,none
C-00201,T-00201,B-000800,V-0167,5265645.28,2,0.06,97,97,True,False,False,none
C-00202,T-00202,B-000802,V-0323,813632.92,0,0.0,99,99,True,False,False,none
C-00203,T-00203,B-000806,V-0251,590760.96,0,0.0,93,93,True,False,False,none
C-00204,T-00204,B-000807,V-0186,1279659.24,0,0.0,92,92,True,False,False,none
C-00205,T-00205,B-000811,V-0160,3211683.79,0,0.0,97,97,True,False,False,none
C-00206,T-00206,B-000814,V-0152,1749450.66,0,0.0,94,94,True,False,False,none
C-00207,T-00207,B-000819,V-0228,788774.77,0,0.0,99,99,True,False,False,price_inflation
C-00208,T-00208,B-000822,V-0321,1619862.18,0,0.0,90,90,True,False,False,none
C-00209,T-00209,B-000828,V-0386,1070018.32,0,0.0,95,95,True,False,False,none
C-00210,T-00210,B-000830,V-0280,1311116.41,0,0.0,95,95,True,False,False,none
C-00211,T-00211,B-000833,V-0431,19854521.4,2,0.06,90,90,True,False,False,bid_suppression
C-00212,T-00212,B-000834,V-0036,4029360.1,0,0.0,92,92,True,False,False,bid_rigging
C-00213,T-00213,B-000839,V-0297,5870603.67,1,0.03,96,96,True,False,False,none
C-00214,T-00214,B-000842,V-0311,528232.56,0,0.0,94,94,True,False,False,ai_generated_doc
C-00215,T-00215,B-000844,V-0279,434051.3,0,0.0,96,96,True,False,False,shell_company
C-00216,T-00216,B-000847,V-0237,1039157.88,0,0.0,94,94,True,False,False,none
C-00217,T-00217,B-000852,V-0245,23997344.16,0,0.0,95,95,True,False,False,none
C-00218,T-00218,B-000853,V-0484,2656084.72,1,0.03,97,97,True,False,False,none
C-00219,T-00219,B-000856,V-0216,13898948.93,0,0.0,91,91,True,False,False,none
C-00220,T-00220,B-000860,V-0325,201656.31,1,0.03,91,91,True,False,False,none
C-00221,T-00221,B-000861,V-0139,2543891.6,0,0.0,93,93,True,False,False,none
C-00222,T-00222,B-000868,V-0343,1102807.59,0,0.0,99,99,True,False,False,none
C-00223,T-00223,B-000874,V-0188,1352870.15,0,0.0,100,100,True,False,False,none
C-00224,T-00224,B-000876,V-0177,12910968.71,0,0.0,100,100,True,False,False,none
C-00225,T-00225,B-000879,V-0385,10108306.08,0,0.0,90,90,True,False,False,none
C-00226,T-00226,B-000884,V-0256,2962264.21,0,0.0,95,95,True,False,False,none
C-00227,T-00227,B-000887,V-0363,2780097.63,1,0.03,96,96,True,False,False,none
C-00228,T-00228,B-000889,V-0383,325706.93,0,0.0,92,92,True,False,False,none
C-00229,T-00229,B-000893,V-0277,8589811.06,0,0.0,92,92,True,False,False,none
C-00230,T-00230,B-000897,V-0483,790049.08,0,0.0,98,98,True,False,False,none
C-00231,T-00231,B-000901,V-0470,7603279.19,0,0.0,100,100,True,False,False,none
C-00232,T-00232,B-000904,V-0216,1148862.43,1,0.03,90,90,True,False,False,none
C-00233,T-00233,B-000911,V-0360,5134506.09,0,0.0,94,94,True,False,False,none
C-00234,T-00234,B-000912,V-0198,7005100.47,1,0.03,98,98,True,False,False,none
C-00235,T-00235,B-000919,V-0381,12994437.94,0,0.0,93,93,True,False,False,none
C-00236,T-00236,B-000926,V-0187,262109.51,2,0.06,94,94,True,False,False,none
C-00237,T-00237,B-000929,V-0464,13874504.76,0,0.0,95,95,True,False,False,none
C-00238,T-00238,B-000933,V-0034,837090.57,0,0.0,95,95,True,False,False,none
C-00239,T-00239,B-000937,V-0268,1160639.24,1,0.03,90,90,True,False,False,none
C-00240,T-00240,B-000939,V-0339,2783210.99,0,0.0,96,96,True,False,False,none
C-00241,T-00241,B-000941,V-0275,1032954.51,1,0.03,95,95,True,False,False,conflict_of_interest
C-00242,T-00242,B-000946,V-0134,1553717.86,1,0.03,97,97,True,False,False,none
C-00243,T-00243,B-000947,V-0275,2050369.49,0,0.0,98,98,True,False,False,conflict_of_interest
C-00244,T-00244,B-000951,V-0142,15048986.46,0,0.0,100,100,True,False,False,none
C-00245,T-00245,B-000955,V-0261,24036324.44,1,0.03,93,93,True,False,False,none
C-00246,T-00246,B-000958,V-0128,2749753.1,0,0.0,92,92,True,False,False,none
C-00247,T-00247,B-000964,V-0071,5928534.49,1,0.03,93,93,True,False,False,none
C-00248,T-00248,B-000970,V-0247,26943403.98,1,0.03,99,99,True,False,False,none
C-00249,T-00249,B-000974,V-0232,11343881.43,0,0.0,100,100,True,False,False,none
C-00250,T-00250,B-000976,V-0392,921252.19,1,0.03,90,90,True,False,False,conflict_of_interest
C-00251,T-00251,B-000978,V-0104,5111355.91,0,0.0,92,92,True,False,False,none
C-00252,T-00252,B-000986,V-0412,1654696.48,0,0.0,93,93,True,False,False,ai_generated_doc
C-00253,T-00253,B-000990,V-0449,297673.17,1,0.03,96,96,True,False,False,bid_rigging
C-00254,T-00254,B-000992,V-0226,1135125.4,0,0.0,92,92,True,False,False,none
C-00255,T-00255,B-000996,V-0351,2370200.24,0,0.0,96,96,True,False,False,none
C-00256,T-00256,B-000999,V-0223,1035497.01,0,0.0,99,99,True,False,False,none
C-00257,T-00257,B-001001,V-0080,4506311.82,0,0.0,100,100,True,False,False,none
C-00258,T-00258,B-001007,V-0072,638956.73,0,0.0,90,90,True,False,False,none
C-00259,T-00259,B-001009,V-0280,3166900.13,0,0.0,95,95,True,False,False,none
C-00260,T-00260,B-001016,V-0188,2194603.43,0,0.0,100,100,True,False,False,none
C-00261,T-00261,B-001017,V-0269,8644123.43,0,0.0,91,91,True,False,False,conflict_of_interest
C-00262,T-00262,B-001025,V-0266,759383.47,1,0.03,99,99,True,False,False,none
C-00263,T-00263,B-001028,V-0101,3508741.95,1,0.03,100,100,True,False,False,none
C-00264,T-00264,B-001034,V-0238,4762293.24,0,0.0,97,97,True,False,False,none
C-00265,T-00265,B-001037,V-0150,22561867.68,0,0.0,91,91,True,False,False,none
C-00266,T-00266,B-001042,V-0381,1202400.0,2,0.06,100,100,True,False,False,none
C-00267,T-00267,B-001048,V-0341,1732796.42,0,0.0,90,90,True,False,False,none
C-00268,T-00268,B-001049,V-0046,297779.24,0,0.0,99,99,True,False,False,bid_rigging
C-00269,T-00269,B-001054,V-0084,1100359.43,0,0.0,94,94,True,False,False,none
C-00270,T-00270,B-001060,V-0169,7809898.64,0,0.0,90,90,True,False,False,none
C-00271,T-00271,B-001063,V-0302,4253730.14,0,0.0,99,99,True,False,False,none
C-00272,T-00272,B-001068,V-0246,3637811.32,1,0.03,92,92,True,False,False,none
C-00273,T-00273,B-001070,V-0189,2541952.47,0,0.0,96,96,True,False,False,none
C-00274,T-00274,B-001073,V-0192,3477785.33,0,0.0,91,91,True,False,False,none
C-00275,T-00275,B-001079,V-0046,1045743.78,1,0.03,93,93,True,False,False,bid_rigging
C-00276,T-00276,B-001083,V-0080,2027884.55,0,0.0,100,100,True,False,False,none
C-00277,T-00277,B-001090,V-0205,885397.82,1,0.03,99,99,True,False,False,none
C-00278,T-00278,B-001092,V-0370,4258837.51,0,0.0,91,91,True,False,False,none
C-00279,T-00279,B-001099,V-0242,500756.21,0,0.0,92,92,True,False,False,none
C-00280,T-00280,B-001101,V-0358,3642459.29,0,0.0,96,96,True,False,False,none
C-00281,T-00281,B-001110,V-0247,4657013.82,1,0.03,99,99,True,False,False,none
C-00282,T-00282,B-001114,V-0233,12440763.1,0,0.0,90,90,True,False,False,none
C-00283,T-00283,B-001116,V-0114,14069628.47,0,0.0,93,93,True,False,False,none
C-00284,T-00284,B-001124,V-0444,996203.89,0,0.0,91,91,True,False,False,none
C-00285,T-00285,B-001130,V-0125,3213986.2,0,0.0,96,96,True,False,False,none
C-00286,T-00286,B-001132,V-0354,2507841.21,0,0.0,90,90,True,False,False,none
C-00287,T-00287,B-001138,V-0412,235497.27,0,0.0,92,92,True,False,False,none
C-00288,T-00288,B-001146,V-0317,9349628.4,0,0.0,98,98,True,False,False,none
C-00289,T-00289,B-001150,V-0340,342226.03,1,0.03,97,97,True,False,False,none
C-00290,T-00290,B-001155,V-0250,231171.45,0,0.0,94,94,True,False,False,bid_rigging
C-00291,T-00291,B-001160,V-0157,5939272.51,0,0.0,90,90,True,False,False,none
C-00292,T-00292,B-001164,V-0025,742205.39,1,0.03,99,99,True,False,False,none
C-00293,T-00293,B-001168,V-0336,4442624.85,0,0.0,97,97,True,False,False,none
C-00294,T-00294,B-001173,V-0458,1320638.6,0,0.0,98,98,True,False,False,none
C-00295,T-00295,B-001181,V-0096,18498600.58,1,0.03,92,92,True,False,False,none
C-00296,T-00296,B-001188,V-0097,4006961.07,2,0.06,92,92,True,False,False,none
C-00297,T-00297,B-001189,V-0028,25447130.96,0,0.0,93,93,True,False,False,shell_company
C-00298,T-00298,B-001193,V-0105,3608951.14,0,0.0,100,100,True,False,False,none
C-00299,T-00299,B-001197,V-0234,641926.75,0,0.0,90,90,True,False,False,ai_generated_doc
C-00300,T-00300,B-001199,V-0232,15388254.75,1,0.03,92,92,True,False,False,none
C-00301,T-00301,B-001201,V-0245,1911860.72,0,0.0,99,99,True,False,False,none
C-00302,T-00302,B-001206,V-0139,4820000.06,0,0.0,94,94,True,False,False,none
C-00303,T-00303,B-001209,V-0093,1300821.71,0,0.0,96,96,True,False,False,none
C-00304,T-00304,B-001218,V-0194,1229952.96,0,0.0,99,99,True,False,False,none
C-00305,T-00305,B-001222,V-0496,33203895.85,0,0.0,94,94,True,False,False,bid_rigging
C-00306,T-00306,B-001224,V-0107,3837026.43,0,0.0,90,90,True,False,False,none
C-00307,T-00307,B-001232,V-0257,5052937.29,1,0.03,96,96,True,False,False,none
C-00308,T-00308,B-001235,V-0023,722072.63,0,0.0,90,90,True,False,False,none
C-00309,T-00309,B-001236,V-0060,3547827.64,0,0.0,94,94,True,False,False,none
C-00310,T-00310,B-001238,V-0242,4539221.91,0,0.0,100,100,True,False,False,none
C-00311,T-00311,B-001245,V-0136,4854942.32,1,0.03,95,95,True,False,False,none
C-00312,T-00312,B-001246,V-0142,7388918.27,0,0.0,97,97,True,False,False,none
C-00313,T-00313,B-001252,V-0377,3425405.46,0,0.0,98,98,True,False,False,none
C-00314,T-00314,B-001257,V-0022,1093159.89,1,0.03,94,94,True,False,False,ai_generated_doc
C-00315,T-00315,B-001260,V-0015,1455070.41,1,0.03,98,98,True,False,False,none
C-00316,T-00316,B-001264,V-0490,296469.75,0,0.0,94,94,True,False,False,shell_company
C-00317,T-00317,B-001269,V-0089,3400569.17,0,0.0,90,90,True,False,False,none
C-00318,T-00318,B-001272,V-0306,18030781.23,1,0.03,99,99,True,False,False,none
C-00319,T-00319,B-001275,V-0164,4316314.71,1,0.03,95,95,True,False,False,none
C-00320,T-00320,B-001278,V-0106,654753.69,0,0.0,97,97,True,False,False,bid_suppression
C-00321,T-00321,B-001280,V-0008,7028120.78,0,0.0,90,90,True,False,False,none
C-00322,T-00322,B-001286,V-0090,2420217.7,1,0.03,91,91,True,False,False,none
C-00323,T-00323,B-001292,V-0292,1492339.45,3,0.09,99,99,True,False,False,none
C-00324,T-00324,B-001295,V-0323,2508124.2,1,0.03,99,99,True,False,False,none
C-00325,T-00325,B-001300,V-0143,588178.99,0,0.0,92,92,True,False,False,none
C-00326,T-00326,B-001304,V-0169,930225.78,0,0.0,92,92,True,False,False,none
C-00327,T-00327,B-001305,V-0436,1907232.01,0,0.0,90,90,True,False,False,bid_suppression
C-00328,T-00328,B-001308,V-0269,31653594.13,0,0.0,92,92,True,False,False,none
C-00329,T-00329,B-001312,V-0323,2691400.24,0,0.0,92,92,True,False,False,none
C-00330,T-00330,B-001314,V-0042,388470.76,0,0.0,100,100,True,False,False,none
C-00331,T-00331,B-001315,V-0456,37796219.61,0,0.0,100,100,True,False,False,none
C-00332,T-00332,B-001322,V-0001,3389456.01,0,0.0,94,94,True,False,False,none
C-00333,T-00333,B-001327,V-0271,4113688.34,0,0.0,90,90,True,False,False,none
C-00334,T-00334,B-001330,V-0231,3612555.64,0,0.0,93,93,True,False,False,none
C-00335,T-00335,B-001331,V-0066,17375247.49,0,0.0,91,91,True,False,False,none
C-00336,T-00336,B-001335,V-0113,801901.38,0,0.0,96,96,True,False,False,conflict_of_interest
C-00337,T-00337,B-001338,V-0164,1558500.33,0,0.0,96,96,True,False,False,none
C-00338,T-00338,B-001345,V-0248,3827914.32,0,0.0,96,96,True,False,False,none
C-00339,T-00339,B-001347,V-0457,735709.33,0,0.0,90,90,True,False,False,none
C-00340,T-00340,B-001353,V-0008,886292.37,1,0.03,91,91,True,False,False,none
C-00341,T-00341,B-001359,V-0425,6286493.36,1,0.03,100,100,True,False,False,none
C-00342,T-00342,B-001360,V-0075,24623736.91,0,0.0,94,94,True,False,False,none
C-00343,T-00343,B-001363,V-0488,14190281.02,0,0.0,99,99,True,False,False,shell_company
C-00344,T-00344,B-001366,V-0385,5712014.25,0,0.0,100,100,True,False,False,bid_rigging
C-00345,T-00345,B-001369,V-0124,1717699.57,0,0.0,97,97,True,False,False,none
C-00346,T-00346,B-001374,V-0401,8019325.8,0,0.0,93,93,True,False,False,none
C-00347,T-00347,B-001380,V-0413,8364389.25,0,0.0,92,92,True,False,False,none
C-00348,T-00348,B-001381,V-0435,1321600.2,0,0.0,94,94,True,False,False,none
C-00349,T-00349,B-001385,V-0311,1791471.55,0,0.0,100,100,True,False,False,conflict_of_interest
C-00350,T-00350,B-001392,V-0486,167838.09,1,0.03,95,95,True,False,False,none
C-00351,T-00351,B-001395,V-0343,816877.47,0,0.0,94,94,True,False,False,none
C-00352,T-00352,B-001403,V-0099,4072504.81,0,0.0,96,96,True,False,False,none
C-00353,T-00353,B-001406,V-0194,5054323.29,0,0.0,91,91,True,False,False,none
C-00354,T-00354,B-001411,V-0062,2207060.66,1,0.03,91,91,True,False,False,none
C-00355,T-00355,B-001414,V-0425,7029600.29,0,0.0,98,98,True,False,False,none
C-00356,T-00356,B-001420,V-0093,199453.86,1,0.03,98,98,True,False,False,none
C-00357,T-00357,B-001427,V-0117,34340838.16,0,0.0,97,97,True,False,False,none
C-00358,T-00358,B-001429,V-0460,1121817.21,1,0.03,91,91,True,False,False,price_inflation
C-00359,T-00359,B-001434,V-0135,17358893.53,0,0.0,98,98,True,False,False,none
C-00360,T-00360,B-001439,V-0496,3438704.99,0,0.0,100,100,True,False,False,none
C-00361,T-00361,B-001443,V-0368,377923.4,0,0.0,91,91,True,False,False,none
C-00362,T-00362,B-001448,V-0335,11352227.36,0,0.0,90,90,True,False,False,none
C-00363,T-00363,B-001451,V-0497,3748678.79,1,0.03,100,100,True,False,False,none
C-00364,T-00364,B-001456,V-0196,17594601.11,1,0.03,90,90,True,False,False,none
C-00365,T-00365,B-001457,V-0204,15090389.97,0,0.0,94,94,True,False,False,none
C-00366,T-00366,B-001461,V-0195,1134646.04,0,0.0,93,93,True,False,False,none
C-00367,T-00367,B-001467,V-0071,806483.76,0,0.0,98,98,True,False,False,none
C-00368,T-00368,B-001472,V-0172,1461012.33,2,0.06,97,97,True,False,False,none
C-00369,T-00369,B-001473,V-0052,727971.0,1,0.03,97,97,True,False,False,none
C-00370,T-00370,B-001478,V-0348,4649254.14,1,0.03,100,100,True,False,False,none
C-00371,T-00371,B-001482,V-0297,1701407.4,0,0.0,96,96,True,False,False,none
C-00372,T-00372,B-001489,V-0418,15412993.93,1,0.03,90,90,True,False,False,none
C-00373,T-00373,B-001490,V-0145,936879.43,0,0.0,91,91,True,False,False,none
C-00374,T-00374,B-001493,V-0242,982729.03,0,0.0,99,99,True,False,False,none
C-00375,T-00375,B-001501,V-0386,38672901.62,0,0.0,90,90,True,False,False,none
C-00376,T-00376,B-001504,V-0091,1508465.06,0,0.0,90,90,True,False,False,none
C-00377,T-00377,B-001508,V-0037,25647850.39,1,0.03,97,97,True,False,False,none
C-00378,T-00378,B-001513,V-0093,3981975.93,0,0.0,95,95,True,False,False,none
C-00379,T-00379,B-001517,V-0486,24674268.84,1,0.03,92,92,True,False,False,none
C-00380,T-00380,B-001521,V-0071,420240.81,0,0.0,90,90,True,False,False,shell_company
C-00381,T-00381,B-001523,V-0279,35209551.28,1,0.03,100,100,True,False,False,shell_company
C-00382,T-00382,B-001529,V-0133,3870726.46,0,0.0,97,97,True,False,False,none
C-00383,T-00383,B-001532,V-0373,24678662.89,0,0.0,100,100,True,False,False,none
C-00384,T-00384,B-001537,V-0335,985365.74,0,0.0,100,100,True,False,False,none
C-00385,T-00385,B-001539,V-0051,7668530.86,1,0.03,90,90,True,False,False,none
C-00386,T-00386,B-001542,V-0186,3935662.44,1,0.03,100,100,True,False,False,none
C-00387,T-00387,B-001547,V-0010,4466080.46,2,0.06,97,97,True,False,False,none
C-00388,T-00388,B-001549,V-0225,1213620.78,0,0.0,99,99,True,False,False,none
C-00389,T-00389,B-001553,V-0296,25580804.28,0,0.0,97,97,True,False,False,none
C-00390,T-00390,B-001559,V-0382,2082179.81,0,0.0,97,97,True,False,False,bid_rigging
C-00391,T-00391,B-001560,V-0472,4387728.51,1,0.03,100,100,True,False,False,none
C-00392,T-00392,B-001563,V-0011,22961773.27,2,0.06,95,95,True,False,False,none
C-00393,T-00393,B-001565,V-0128,5769272.59,1,0.03,99,99,True,False,False,shell_company
C-00394,T-00394,B-001568,V-0058,18267931.18,0,0.0,99,99,True,False,False,shell_company
C-00395,T-00395,B-001570,V-0058,218501.24,0,0.0,97,97,True,False,False,none
C-00396,T-00396,B-001573,V-0166,26864165.48,0,0.0,94,94,True,False,False,bid_rigging
C-00397,T-00397,B-001578,V-0053,22093172.14,1,0.03,92,92,True,False,False,none
C-00398,T-00398,B-001581,V-0305,786688.72,0,0.0,96,96,True,False,False,none
C-00399,T-00399,B-001583,V-0414,7330842.73,1,0.03,100,100,True,False,False,none
C-00400,T-00400,B-001585,V-0397,1423971.07,0,0.0,94,94,True,False,False,none
C-00401,T-00401,B-001588,V-0198,1126318.64,1,0.03,92,92,True,False,False,none
C-00402,T-00402,B-001593,V-0220,1705842.88,0,0.0,91,91,True,False,False,price_inflation
C-00403,T-00403,B-001597,V-0350,667967.59,0,0.0,91,91,True,False,False,none
C-00404,T-00404,B-001601,V-0468,2531369.84,0,0.0,93,93,True,False,False,none
C-00405,T-00405,B-001604,V-0414,15179499.89,1,0.03,90,90,True,False,False,none
C-00406,T-00406,B-001606,V-0094,3968877.97,1,0.03,100,100,True,False,False,bid_rigging
C-00407,T-00407,B-001609,V-0076,1148096.15,0,0.0,91,91,True,False,False,bid_rigging
C-00408,T-00408,B-001613,V-0360,545343.88,2,0.06,93,93,True,False,False,none
C-00409,T-00409,B-001618,V-0305,2126859.84,0,0.0,99,99,True,False,False,none
C-00410,T-00410,B-001621,V-0032,909636.27,0,0.0,97,97,True,False,False,ai_generated_doc
C-00411,T-00411,B-001626,V-0129,6022873.99,0,0.0,96,96,True,False,False,none
C-00412,T-00412,B-001631,V-0256,2079179.8,1,0.03,100,100,True,False,False,none
C-00413,T-00413,B-001634,V-0212,608999.22,0,0.0,96,96,True,False,False,none
C-00414,T-00414,B-001635,V-0110,19331583.29,1,0.03,100,100,True,False,False,none
C-00415,T-00415,B-001638,V-0342,1963376.54,0,0.0,90,90,True,False,False,none
C-00416,T-00416,B-001645,V-0411,1467760.38,0,0.0,95,95,True,False,False,none
C-00417,T-00417,B-001650,V-0453,1888672.84,0,0.0,91,91,True,False,False,none
C-00418,T-00418,B-001653,V-0484,994054.68,0,0.0,97,97,True,False,False,ai_generated_doc
C-00419,T-00419,B-001655,V-0013,337966.5,0,0.0,100,100,True,False,False,none
C-00420,T-00420,B-001658,V-0194,12843527.66,0,0.0,95,95,True,False,False,none
C-00421,T-00421,B-001663,V-0343,2060865.44,0,0.0,99,99,True,False,False,none
C-00422,T-00422,B-001666,V-0022,1749497.27,1,0.03,98,98,True,False,False,none
C-00423,T-00423,B-001673,V-0453,2994673.55,0,0.0,94,94,True,False,False,none
C-00424,T-00424,B-001675,V-0173,14749660.64,3,0.09,99,99,True,False,False,none
C-00425,T-00425,B-001677,V-0257,3807924.55,0,0.0,90,90,True,False,False,none
C-00426,T-00426,B-001679,V-0132,121199.37,0,0.0,95,95,True,False,False,none
C-00427,T-00427,B-001682,V-0300,3335931.56,0,0.0,92,92,True,False,False,none
C-00428,T-00428,B-001684,V-0365,9017515.58,1,0.03,90,90,True,False,False,none
C-00429,T-00429,B-001687,V-0048,1786989.28,0,0.0,97,97,True,False,False,none
C-00430,T-00430,B-001697,V-0033,1228587.99,0,0.0,95,95,True,False,False,price_inflation
C-00431,T-00431,B-001700,V-0201,2667502.85,0,0.0,99,99,True,False,False,none
C-00432,T-00432,B-001704,V-0411,955386.84,1,0.03,96,96,True,False,False,none
C-00433,T-00433,B-001709,V-0166,1953361.54,0,0.0,94,94,True,False,False,bid_rigging
C-00434,T-00434,B-001711,V-0306,20628477.19,0,0.0,93,93,True,False,False,none
C-00435,T-00435,B-001719,V-0402,15215301.88,0,0.0,97,97,True,False,False,none
C-00436,T-00436,B-001721,V-0230,676707.34,0,0.0,91,91,True,False,False,none
C-00437,T-00437,B-001722,V-0269,23277203.12,0,0.0,91,91,True,False,False,conflict_of_interest
C-00438,T-00438,B-001725,V-0094,1343074.32,0,0.0,90,90,True,False,False,bid_rigging
C-00439,T-00439,B-001730,V-0047,10505668.52,1,0.03,98,98,True,False,False,price_inflation
C-00440,T-00440,B-001732,V-0451,1817601.09,2,0.06,91,91,True,False,False,none
C-00441,T-00441,B-001741,V-0385,1810076.45,0,0.0,94,94,True,False,False,none
C-00442,T-00442,B-001747,V-0483,102673.17,0,0.0,96,96,True,False,False,none
C-00443,T-00443,B-001751,V-0314,2606693.28,3,0.09,99,99,True,False,False,none
C-00444,T-00444,B-001756,V-0086,3397533.03,1,0.03,95,95,True,False,False,none
C-00445,T-00445,B-001759,V-0136,5010694.24,0,0.0,92,92,True,False,False,none
C-00446,T-00446,B-001762,V-0225,19425504.8,0,0.0,95,95,True,False,False,none
C-00447,T-00447,B-001771,V-0360,18523792.49,0,0.0,96,96,True,False,False,none
C-00448,T-00448,B-001776,V-0217,2318078.32,0,0.0,100,100,True,False,False,none
C-00449,T-00449,B-001778,V-0045,908583.49,0,0.0,100,100,True,False,False,none
C-00450,T-00450,B-001781,V-0121,922426.26,0,0.0,93,93,True,False,False,none
C-00451,T-00451,B-001784,V-0443,4500265.45,0,0.0,98,98,True,False,False,ai_generated_doc
C-00452,T-00452,B-001785,V-0222,970032.27,1,0.03,90,90,True,False,False,none
C-00453,T-00453,B-001791,V-0283,8748654.18,0,0.0,92,92,True,False,False,none
C-00454,T-00454,B-001797,V-0158,5334227.27,2,0.06,96,96,True,False,False,none
C-00455,T-00455,B-001799,V-0462,33250384.13,0,0.0,95,95,True,False,False,price_inflation
C-00456,T-00456,B-001801,V-0360,2782193.53,0,0.0,97,97,True,False,False,price_inflation
C-00457,T-00457,B-001803,V-0188,1446973.76,0,0.0,92,92,True,False,False,none
C-00458,T-00458,B-001808,V-0081,26936077.89,0,0.0,95,95,True,False,False,none
C-00459,T-00459,B-001814,V-0291,1562935.09,1,0.03,92,92,True,False,False,none
C-00460,T-00460,B-001817,V-0446,536748.13,2,0.06,98,98,True,False,False,none
C-00461,T-00461,B-001821,V-0197,382601.8,0,0.0,97,97,True,False,False,ai_generated_doc
C-00462,T-00462,B-001826,V-0374,1527658.19,1,0.03,98,98,True,False,False,none
C-00463,T-00463,B-001830,V-0445,3503929.6,0,0.0,99,99,True,False,False,none
C-00464,T-00464,B-001835,V-0069,2952530.52,0,0.0,91,91,True,False,False,none
C-00465,T-00465,B-001840,V-0214,1412364.77,0,0.0,94,94,True,False,False,none
C-00466,T-00466,B-001842,V-0417,1273810.72,1,0.03,100,100,True,False,False,none
C-00467,T-00467,B-001844,V-0027,5297762.35,0,0.0,98,98,True,False,False,none
C-00468,T-00468,B-001850,V-0150,2720042.91,0,0.0,94,94,True,False,False,none
C-00469,T-00469,B-001857,V-0319,771806.96,0,0.0,94,94,True,False,False,none
C-00470,T-00470,B-001859,V-0239,3329334.25,0,0.0,93,93,True,False,False,none
C-00471,T-00471,B-001864,V-0381,324998.14,1,0.03,91,91,True,False,False,none
C-00472,T-00472,B-001865,V-0207,2674725.08,0,0.0,98,98,True,False,False,none
C-00473,T-00473,B-001871,V-0093,1324776.5,0,0.0,100,100,True,False,False,none
C-00474,T-00474,B-001872,V-0052,260516.03,0,0.0,92,92,True,False,False,none
C-00475,T-00475,B-001880,V-0161,1580597.12,0,0.0,96,96,True,False,False,none
C-00476,T-00476,B-001882,V-0080,1395734.11,0,0.0,92,92,True,False,False,bid_suppression
C-00477,T-00477,B-001883,V-0172,2704843.08,1,0.03,98,98,True,False,False,price_inflation
C-00478,T-00478,B-001885,V-0144,33172151.33,0,0.0,94,94,True,False,False,none
C-00479,T-00479,B-001892,V-0318,944251.61,0,0.0,92,92,True,False,False,none
C-00480,T-00480,B-001894,V-0032,4000697.34,1,0.03,92,92,True,False,False,none
C-00481,T-00481,B-001898,V-0185,1096391.02,0,0.0,96,96,True,False,False,none
C-00482,T-00482,B-001903,V-0382,2889267.1,1,0.03,98,98,True,False,False,bid_rigging
C-00483,T-00483,B-001906,V-0357,5309795.67,0,0.0,99,99,True,False,False,none
C-00484,T-00484,B-001909,V-0108,356407.79,0,0.0,98,98,True,False,False,none
C-00485,T-00485,B-001911,V-0298,626617.54,0,0.0,97,97,True,False,False,none
C-00486,T-00486,B-001917,V-0382,6611527.09,0,0.0,94,94,True,False,False,bid_rigging
C-00487,T-00487,B-001922,V-0284,1553659.27,0,0.0,94,94,True,False,False,none
C-00488,T-00488,B-001923,V-0452,1105810.49,0,0.0,94,94,True,False,False,none
C-00489,T-00489,B-001925,V-0355,1226911.64,0,0.0,93,93,True,False,False,none
C-00490,T-00490,B-001928,V-0096,916309.97,0,0.0,91,91,True,False,False,none
C-00491,T-00491,B-001934,V-0250,1538905.7,2,0.06,92,92,True,False,False,none
C-00492,T-00492,B-001939,V-0195,3888201.87,0,0.0,99,99,True,False,False,none
C-00493,T-00493,B-001940,V-0141,752937.05,0,0.0,93,93,True,False,False,none
C-00494,T-00494,B-001947,V-0142,2518334.66,0,0.0,90,90,True,False,False,ai_generated_doc
C-00495,T-00495,B-001950,V-0141,2248791.86,0,0.0,99,99,True,False,False,none
C-00496,T-00496,B-001952,V-0124,4011331.26,1,0.03,97,97,True,False,False,none
C-00497,T-00497,B-001956,V-0349,1348682.36,0,0.0,91,91,True,False,False,none
C-00498,T-00498,B-001959,V-0212,3879012.69,0,0.0,99,99,True,False,False,ai_generated_doc
C-00499,T-00499,B-001963,V-0494,2348503.8,0,0.0,96,96,True,False,False,none
C-00500,T-00500,B-001968,V-0464,705948.88,0,0.0,98,98,True,False,False,none
C-00501,T-00501,B-001972,V-0225,663420.25,0,0.0,91,91,True,False,False,none
C-00502,T-00502,B-001974,V-0433,2745136.89,0,0.0,94,94,True,False,False,none
C-00503,T-00503,B-001977,V-0424,38475863.15,1,0.03,98,98,True,False,False,none
C-00504,T-00504,B-001980,V-0376,3155488.11,2,0.06,94,94,True,False,False,none
C-00505,T-00505,B-001984,V-0043,4105588.01,1,0.03,93,93,True,False,False,none
C-00506,T-00506,B-001985,V-0115,35125656.26,1,0.03,100,100,True,False,False,none
C-00507,T-00507,B-001991,V-0372,13163273.02,0,0.0,91,91,True,False,False,none
C-00508,T-00508,B-001997,V-0476,7687941.24,0,0.0,91,91,True,False,False,none
C-00509,T-00509,B-001998,V-0389,31740931.49,0,0.0,96,96,True,False,False,none
C-00510,T-00510,B-002005,V-0188,12371534.89,1,0.03,96,96,True,False,False,none
C-00511,T-00511,B-002006,V-0453,78335.34,0,0.0,92,92,True,False,False,none
C-00512,T-00512,B-002010,V-0420,1334779.1,0,0.0,93,93,True,False,False,none
C-00513,T-00513,B-002019,V-0348,846660.34,1,0.03,90,90,True,False,False,none
C-00514,T-00514,B-002023,V-0204,3902656.53,0,0.0,97,97,True,False,False,none
C-00515,T-00515,B-002024,V-0417,7893219.41,0,0.0,96,96,True,False,False,none
C-00516,T-00516,B-002028,V-0400,416802.04,1,0.03,94,94,True,False,False,conflict_of_interest
C-00517,T-00517,B-002030,V-0011,24730747.6,0,0.0,95,95,True,False,False,conflict_of_interest
C-00518,T-00518,B-002033,V-0307,4074714.21,0,0.0,91,91,True,False,False,none
C-00519,T-00519,B-002036,V-0423,3457611.16,1,0.03,92,92,True,False,False,none
C-00520,T-00520,B-002044,V-0497,4520888.91,0,0.0,97,97,True,False,False,none
C-00521,T-00521,B-002047,V-0166,7504292.96,0,0.0,94,94,True,False,False,bid_rigging
C-00522,T-00522,B-002050,V-0074,461737.92,2,0.06,90,90,True,False,False,none
C-00523,T-00523,B-002054,V-0367,1978203.23,0,0.0,97,97,True,False,False,none
C-00524,T-00524,B-002061,V-0203,242585.36,0,0.0,92,92,True,False,False,none
C-00525,T-00525,B-002065,V-0401,1025366.02,0,0.0,100,100,True,False,False,bid_suppression
C-00526,T-00526,B-002068,V-0197,459475.53,0,0.0,97,97,True,False,False,none
C-00527,T-00527,B-002071,V-0168,4489582.0,0,0.0,96,96,True,False,False,none
C-00528,T-00528,B-002076,V-0058,1335229.16,0,0.0,92,92,True,False,False,bid_rigging
C-00529,T-00529,B-002082,V-0236,3723489.32,1,0.03,97,97,True,False,False,none
C-00530,T-00530,B-002084,V-0224,474121.89,1,0.03,95,95,True,False,False,none
C-00531,T-00531,B-002087,V-0430,250665.77,0,0.0,91,91,True,False,False,none
C-00532,T-00532,B-002090,V-0326,963406.16,0,0.0,91,91,True,False,False,none
C-00533,T-00533,B-002099,V-0278,1432389.57,0,0.0,91,91,True,False,False,none
C-00534,T-00534,B-002102,V-0125,1295989.35,0,0.0,90,90,True,False,False,none
C-00535,T-00535,B-002103,V-0218,962800.17,1,0.03,92,92,True,False,False,none
C-00536,T-00536,B-002109,V-0218,2453090.36,0,0.0,97,97,True,False,False,none
C-00537,T-00537,B-002114,V-0222,1333363.3,0,0.0,90,90,True,False,False,none
C-00538,T-00538,B-002121,V-0426,467739.9,0,0.0,96,96,True,False,False,none
C-00539,T-00539,B-002126,V-0294,5270120.52,0,0.0,94,94,True,False,False,none
C-00540,T-00540,B-002131,V-0322,2584735.39,0,0.0,98,98,True,False,False,none
C-00541,T-00541,B-002134,V-0421,627650.31,3,0.09,96,96,True,False,False,none
C-00542,T-00542,B-002139,V-0361,990372.88,1,0.03,95,95,True,False,False,none
C-00543,T-00543,B-002142,V-0356,121754.41,0,0.0,94,94,True,False,False,none
C-00544,T-00544,B-002144,V-0080,300230.96,0,0.0,90,90,True,False,False,none
C-00545,T-00545,B-002149,V-0400,1394390.33,1,0.03,98,98,True,False,False,none
C-00546,T-00546,B-002156,V-0019,247781.67,0,0.0,92,92,True,False,False,none
C-00547,T-00547,B-002161,V-0068,2513905.89,0,0.0,91,91,True,False,False,none
C-00548,T-00548,B-002162,V-0128,1221912.82,0,0.0,100,100,True,False,False,shell_company
C-00549,T-00549,B-002167,V-0224,850860.57,0,0.0,98,98,True,False,False,none
C-00550,T-00550,B-002170,V-0376,2420460.61,1,0.03,99,99,True,False,False,none
C-00551,T-00551,B-002171,V-0034,2127271.78,0,0.0,95,95,True,False,False,none
C-00552,T-00552,B-002177,V-0469,3287521.74,0,0.0,99,99,True,False,False,none
C-00553,T-00553,B-002181,V-0473,1464545.76,0,0.0,99,99,True,False,False,none
C-00554,T-00554,B-002186,V-0388,1229625.35,0,0.0,99,99,True,False,False,none
C-00555,T-00555,B-002189,V-0271,1601047.79,0,0.0,94,94,True,False,False,price_inflation
C-00556,T-00556,B-002190,V-0342,28354888.98,0,0.0,98,98,True,False,False,none
C-00557,T-00557,B-002192,V-0306,1768545.78,0,0.0,98,98,True,False,False,none
C-00558,T-00558,B-002196,V-0198,18538227.32,0,0.0,97,97,True,False,False,none
C-00559,T-00559,B-002202,V-0378,1977267.37,0,0.0,95,95,True,False,False,none
C-00560,T-00560,B-002203,V-0260,543223.64,0,0.0,93,93,True,False,False,none
C-00561,T-00561,B-002211,V-0462,1330214.27,0,0.0,93,93,True,False,False,none
C-00562,T-00562,B-002214,V-0041,1176512.63,1,0.03,92,92,True,False,False,none
C-00563,T-00563,B-002215,V-0077,593172.53,1,0.03,98,98,True,False,False,none
C-00564,T-00564,B-002223,V-0342,987953.55,0,0.0,97,97,True,False,False,none
C-00565,T-00565,B-002224,V-0114,23625370.55,1,0.03,92,92,True,False,False,none
C-00566,T-00566,B-002226,V-0435,798411.24,0,0.0,92,92,True,False,False,none
C-00567,T-00567,B-002229,V-0213,1104436.95,0,0.0,93,93,True,False,False,none
C-00568,T-00568,B-002237,V-0268,5972436.77,0,0.0,96,96,True,False,False,none
C-00569,T-00569,B-002241,V-0366,633634.52,1,0.03,94,94,True,False,False,none
C-00570,T-00570,B-002250,V-0301,1164028.65,0,0.0,97,97,True,False,False,none
C-00571,T-00571,B-002251,V-0361,2336792.98,0,0.0,97,97,True,False,False,none
C-00572,T-00572,B-002255,V-0166,2913285.4,0,0.0,92,92,True,False,False,bid_rigging
C-00573,T-00573,B-002260,V-0090,3585121.61,1,0.03,98,98,True,False,False,none
C-00574,T-00574,B-002261,V-0258,1726903.35,0,0.0,95,95,True,False,False,none
C-00575,T-00575,B-002263,V-0294,3970001.59,0,0.0,92,92,True,False,False,shell_company
C-00576,T-00576,B-002272,V-0166,30540997.25,1,0.03,96,96,True,False,False,none
C-00577,T-00577,B-002274,V-0394,3098861.94,0,0.0,93,93,True,False,False,none
C-00578,T-00578,B-002278,V-0354,1634834.36,0,0.0,98,98,True,False,False,none
C-00579,T-00579,B-002282,V-0391,3681030.02,0,0.0,97,97,True,False,False,none
C-00580,T-00580,B-002286,V-0227,3162548.28,0,0.0,93,93,True,False,False,none
C-00581,T-00581,B-002290,V-0155,702889.93,1,0.03,97,97,True,False,False,none
C-00582,T-00582,B-002294,V-0311,1946523.71,0,0.0,90,90,True,False,False,price_inflation
C-00583,T-00583,B-002300,V-0161,1227712.05,0,0.0,100,100,True,False,False,none
C-00584,T-00584,B-002303,V-0273,7413288.8,0,0.0,93,93,True,False,False,price_inflation
C-00585,T-00585,B-002310,V-0134,2458068.25,0,0.0,100,100,True,False,False,none
C-00586,T-00586,B-002313,V-0104,348819.11,1,0.03,100,100,True,False,False,none
C-00587,T-00587,B-002317,V-0449,20740814.7,0,0.0,97,97,True,False,False,none
C-00588,T-00588,B-002324,V-0475,37767632.27,0,0.0,96,96,True,False,False,none
C-00589,T-00589,B-002327,V-0094,29315647.1,0,0.0,100,100,True,False,False,none
C-00590,T-00590,B-002333,V-0461,1674418.93,0,0.0,97,97,True,False,False,none
C-00591,T-00591,B-002336,V-0496,2744076.08,1,0.03,90,90,True,False,False,none
C-00592,T-00592,B-002340,V-0496,16579191.49,1,0.03,95,95,True,False,False,none
C-00593,T-00593,B-002344,V-0087,3175948.94,0,0.0,98,98,True,False,False,none
C-00594,T-00594,B-002346,V-0469,9629045.58,0,0.0,99,99,True,False,False,price_inflation
C-00595,T-00595,B-002351,V-0297,2093714.97,0,0.0,90,90,True,False,False,none
C-00596,T-00596,B-002352,V-0261,2024678.04,0,0.0,97,97,True,False,False,none
C-00597,T-00597,B-002360,V-0089,23186174.07,0,0.0,100,100,True,False,False,none
C-00598,T-00598,B-002365,V-0262,4292066.31,0,0.0,92,92,True,False,False,none
C-00599,T-00599,B-002370,V-0309,1880388.72,0,0.0,95,95,True,False,False,none
C-00600,T-00600,B-002372,V-0076,18941064.34,0,0.0,97,97,True,False,False,bid_rigging
C-00601,T-00601,B-002377,V-0376,1873474.02,0,0.0,90,90,True,False,False,none
C-00602,T-00602,B-002379,V-0386,999489.87,0,0.0,92,92,True,False,False,none
C-00603,T-00603,B-002386,V-0327,3324931.51,0,0.0,90,90,True,False,False,none
C-00604,T-00604,B-002387,V-0267,35895923.49,0,0.0,92,92,True,False,False,none
C-00605,T-00605,B-002392,V-0427,526983.46,1,0.03,95,95,True,False,False,price_inflation
C-00606,T-00606,B-002395,V-0113,4340556.72,0,0.0,96,96,True,False,False,none
C-00607,T-00607,B-002398,V-0062,484798.74,0,0.0,100,100,True,False,False,none
C-00608,T-00608,B-002402,V-0443,7238453.25,0,0.0,99,99,True,False,False,none
C-00609,T-00609,B-002404,V-0046,5959326.55,0,0.0,97,97,True,False,False,bid_rigging
C-00610,T-00610,B-002411,V-0180,1436881.04,0,0.0,94,94,True,False,False,none
C-00611,T-00611,B-002413,V-0182,3825279.24,0,0.0,96,96,True,False,False,none
C-00612,T-00612,B-002417,V-0093,1781488.55,0,0.0,98,98,True,False,False,none
C-00613,T-00613,B-002424,V-0053,6993465.69,0,0.0,91,91,True,False,False,none
C-00614,T-00614,B-002426,V-0069,1597292.21,1,0.03,99,99,True,False,False,none
C-00615,T-00615,B-002430,V-0134,1295024.62,0,0.0,94,94,True,False,False,none
C-00616,T-00616,B-002434,V-0291,380933.9,0,0.0,100,100,True,False,False,none
C-00617,T-00617,B-002437,V-0491,16769835.25,0,0.0,98,98,True,False,False,none
C-00618,T-00618,B-002443,V-0403,2019670.48,0,0.0,95,95,True,False,False,none
C-00619,T-00619,B-002447,V-0007,3762638.17,0,0.0,90,90,True,False,False,none
C-00620,T-00620,B-002451,V-0473,556519.99,0,0.0,94,94,True,False,False,none
C-00621,T-00621,B-002455,V-0068,1180242.89,0,0.0,94,94,True,False,False,none
C-00622,T-00622,B-002461,V-0247,9229482.99,2,0.06,96,96,True,False,False,none
C-00623,T-00623,B-002464,V-0431,1094874.45,0,0.0,93,93,True,False,False,none
C-00624,T-00624,B-002465,V-0055,223089.18,0,0.0,92,92,True,False,False,none
C-00625,T-00625,B-002467,V-0243,474896.5,0,0.0,91,91,True,False,False,none
C-00626,T-00626,B-002470,V-0304,2953218.6,0,0.0,92,92,True,False,False,none
C-00627,T-00627,B-002473,V-0298,21639091.68,0,0.0,99,99,True,False,False,none
C-00628,T-00628,B-002476,V-0335,2259545.67,1,0.03,98,98,True,False,False,price_inflation
C-00629,T-00629,B-002480,V-0095,1467635.04,0,0.0,97,97,True,False,False,price_inflation
C-00630,T-00630,B-002483,V-0094,34893939.25,0,0.0,100,100,True,False,False,none
C-00631,T-00631,B-002487,V-0139,949012.45,1,0.03,92,92,True,False,False,ai_generated_doc
C-00632,T-00632,B-002489,V-0048,592442.15,0,0.0,99,99,True,False,False,none
C-00633,T-00633,B-002495,V-0057,301460.15,0,0.0,95,95,True,False,False,none
C-00634,T-00634,B-002500,V-0310,21819235.53,1,0.03,99,99,True,False,False,none
C-00635,T-00635,B-002501,V-0036,531579.01,1,0.03,94,94,True,False,False,bid_rigging
C-00636,T-00636,B-002507,V-0261,4710155.79,0,0.0,96,96,True,False,False,none
C-00637,T-00637,B-002511,V-0102,2234801.8,0,0.0,97,97,True,False,False,none
C-00638,T-00638,B-002512,V-0031,34581325.89,0,0.0,100,100,True,False,False,none
C-00639,T-00639,B-002518,V-0292,4569167.34,0,0.0,95,95,True,False,False,none
C-00640,T-00640,B-002523,V-0366,1900795.32,1,0.03,91,91,True,False,False,none
C-00641,T-00641,B-002527,V-0455,575380.08,0,0.0,90,90,True,False,False,none
C-00642,T-00642,B-002532,V-0325,28958951.11,0,0.0,93,93,True,False,False,none
C-00643,T-00643,B-002537,V-0483,2726027.02,0,0.0,90,90,True,False,False,none
C-00644,T-00644,B-002538,V-0361,22490740.48,0,0.0,93,93,True,False,False,none
C-00645,T-00645,B-002541,V-0072,3914641.83,0,0.0,98,98,True,False,False,ai_generated_doc
C-00646,T-00646,B-002547,V-0351,24069877.36,1,0.03,96,96,True,False,False,none
C-00647,T-00647,B-002552,V-0346,4163195.79,1,0.03,93,93,True,False,False,conflict_of_interest
C-00648,T-00648,B-002558,V-0371,1225414.75,1,0.03,96,96,True,False,False,none
C-00649,T-00649,B-002560,V-0187,2808168.28,0,0.0,90,90,True,False,False,none
C-00650,T-00650,B-002562,V-0251,937703.69,0,0.0,98,98,True,False,False,none
C-00651,T-00651,B-002566,V-0001,1453530.62,0,0.0,91,91,True,False,False,none
C-00652,T-00652,B-002568,V-0474,2183072.13,1,0.03,100,100,True,False,False,none
C-00653,T-00653,B-002569,V-0339,241861.32,0,0.0,91,91,True,False,False,none
C-00654,T-00654,B-002571,V-0355,772495.5,1,0.03,93,93,True,False,False,shell_company
C-00655,T-00655,B-002576,V-0404,1843864.66,0,0.0,94,94,True,False,False,none
C-00656,T-00656,B-002577,V-0410,1456753.67,0,0.0,93,93,True,False,False,none
C-00657,T-00657,B-002585,V-0346,2127626.32,1,0.03,97,97,True,False,False,none
C-00658,T-00658,B-002586,V-0433,421786.76,0,0.0,100,100,True,False,False,none
C-00659,T-00659,B-002590,V-0311,157036.53,0,0.0,97,97,True,False,False,conflict_of_interest
C-00660,T-00660,B-002597,V-0031,7510843.1,1,0.03,97,97,True,False,False,none
C-00661,T-00661,B-002602,V-0238,2864353.27,0,0.0,95,95,True,False,False,none
C-00662,T-00662,B-002603,V-0420,925880.35,0,0.0,95,95,True,False,False,none
C-00663,T-00663,B-002612,V-0399,4275490.47,3,0.09,100,100,True,False,False,none
C-00664,T-00664,B-002618,V-0061,1513003.02,0,0.0,97,97,True,False,False,none
C-00665,T-00665,B-002619,V-0401,38866922.63,0,0.0,99,99,True,False,False,none
C-00666,T-00666,B-002623,V-0042,4780013.42,1,0.03,94,94,True,False,False,conflict_of_interest
C-00667,T-00667,B-002627,V-0435,721909.18,0,0.0,97,97,True,False,False,none
C-00668,T-00668,B-002630,V-0101,2101241.82,1,0.03,95,95,True,False,False,none
C-00669,T-00669,B-002631,V-0317,1885252.65,0,0.0,95,95,True,False,False,none
C-00670,T-00670,B-002635,V-0264,24216794.94,0,0.0,90,90,True,False,False,bid_rigging
C-00671,T-00671,B-002637,V-0148,729217.96,0,0.0,95,95,True,False,False,none
C-00672,T-00672,B-002643,V-0419,883879.91,1,0.03,93,93,True,False,False,none
C-00673,T-00673,B-002645,V-0252,1286726.26,0,0.0,96,96,True,False,False,price_inflation
C-00674,T-00674,B-002652,V-0236,1364691.97,0,0.0,100,100,True,False,False,none
C-00675,T-00675,B-002653,V-0272,1537023.98,0,0.0,91,91,True,False,False,none
C-00676,T-00676,B-002659,V-0088,4941720.12,0,0.0,95,95,True,False,False,none
C-00677,T-00677,B-002664,V-0228,3894501.88,0,0.0,94,94,True,False,False,none
C-00678,T-00678,B-002666,V-0220,3195977.62,0,0.0,98,98,True,False,False,none
C-00679,T-00679,B-002673,V-0058,836392.21,0,0.0,95,95,True,False,False,bid_rigging
C-00680,T-00680,B-002678,V-0039,361634.61,0,0.0,95,95,True,False,False,none
C-00681,T-00681,B-002679,V-0233,1180204.8,0,0.0,100,100,True,False,False,none
C-00682,T-00682,B-002682,V-0218,1212276.96,1,0.03,92,92,True,False,False,none
C-00683,T-00683,B-002687,V-0427,330921.88,1,0.03,90,90,True,False,False,none
C-00684,T-00684,B-002689,V-0492,5990564.63,0,0.0,100,100,True,False,False,none
C-00685,T-00685,B-002694,V-0228,4676282.02,0,0.0,100,100,True,False,False,price_inflation
C-00686,T-00686,B-002700,V-0400,2283895.56,0,0.0,92,92,True,False,False,none
C-00687,T-00687,B-002702,V-0377,1482473.15,0,0.0,91,91,True,False,False,none
C-00688,T-00688,B-002705,V-0311,4227910.83,0,0.0,95,95,True,False,False,conflict_of_interest
C-00689,T-00689,B-002709,V-0085,7380206.87,1,0.03,91,91,True,False,False,none
C-00690,T-00690,B-002713,V-0382,2001123.57,0,0.0,92,92,True,False,False,bid_rigging
C-00691,T-00691,B-002715,V-0016,1098607.81,1,0.03,95,95,True,False,False,none
C-00692,T-00692,B-002717,V-0003,3121243.73,1,0.03,94,94,True,False,False,none
C-00693,T-00693,B-002722,V-0168,3101445.96,1,0.03,90,90,True,False,False,none
C-00694,T-00694,B-002724,V-0386,2891078.79,0,0.0,90,90,True,False,False,none
C-00695,T-00695,B-002730,V-0399,890796.48,0,0.0,100,100,True,False,False,none
C-00696,T-00696,B-002732,V-0124,5000827.13,0,0.0,100,100,True,False,False,none
C-00697,T-00697,B-002734,V-0007,1265687.52,0,0.0,99,99,True,False,False,none
C-00698,T-00698,B-002736,V-0318,1266474.43,0,0.0,97,97,True,False,False,none
C-00699,T-00699,B-002741,V-0196,1081821.44,0,0.0,98,98,True,False,False,none
C-00700,T-00700,B-002745,V-0032,3240789.66,0,0.0,98,98,True,False,False,none
C-00701,T-00701,B-002747,V-0297,842131.61,1,0.03,90,90,True,False,False,none
C-00702,T-00702,B-002750,V-0326,742814.1,0,0.0,95,95,True,False,False,none
C-00703,T-00703,B-002756,V-0252,6499349.44,0,0.0,93,93,True,False,False,none
C-00704,T-00704,B-002757,V-0181,1732486.59,1,0.03,91,91,True,False,False,none
C-00705,T-00705,B-002767,V-0223,740916.3,2,0.06,94,94,True,False,False,none
C-00706,T-00706,B-002770,V-0081,5745150.83,1,0.03,94,94,True,False,False,price_inflation
C-00707,T-00707,B-002773,V-0291,1710404.22,0,0.0,92,92,True,False,False,none
C-00708,T-00708,B-002779,V-0026,5974165.11,0,0.0,96,96,True,False,False,none
C-00709,T-00709,B-002781,V-0275,1162985.6,0,0.0,100,100,True,False,False,none
C-00710,T-00710,B-002787,V-0270,16565879.82,1,0.03,90,90,True,False,False,none
C-00711,T-00711,B-002790,V-0007,21949211.77,0,0.0,91,91,True,False,False,none
C-00712,T-00712,B-002793,V-0402,177906.83,0,0.0,91,91,True,False,False,none
C-00713,T-00713,B-002799,V-0100,2314842.09,1,0.03,90,90,True,False,False,none
C-00714,T-00714,B-002801,V-0142,1776070.56,1,0.03,100,100,True,False,False,none
C-00715,T-00715,B-002803,V-0433,7039540.96,0,0.0,97,97,True,False,False,none
C-00716,T-00716,B-002805,V-0058,6042670.34,0,0.0,99,99,True,False,False,bid_rigging
C-00717,T-00717,B-002809,V-0381,2275390.18,0,0.0,90,90,True,False,False,none
C-00718,T-00718,B-002816,V-0200,658021.42,0,0.0,97,97,True,False,False,none
C-00719,T-00719,B-002819,V-0250,10377917.42,1,0.03,94,94,True,False,False,none
C-00720,T-00720,B-002821,V-0372,18758932.64,1,0.03,100,100,True,False,False,none
C-00721,T-00721,B-002825,V-0347,548547.7,0,0.0,92,92,True,False,False,none
C-00722,T-00722,B-002827,V-0295,20452186.81,0,0.0,96,96,True,False,False,none
C-00723,T-00723,B-002830,V-0210,11468021.52,1,0.03,98,98,True,False,False,none
C-00724,T-00724,B-002835,V-0418,993255.66,1,0.03,91,91,True,False,False,none
C-00725,T-00725,B-002841,V-0260,3423544.0,1,0.03,91,91,True,False,False,none
C-00726,T-00726,B-002845,V-0379,32512936.65,0,0.0,94,94,True,False,False,none
C-00727,T-00727,B-002848,V-0015,761197.23,1,0.03,93,93,True,False,False,none
C-00728,T-00728,B-002856,V-0061,16010864.95,0,0.0,98,98,True,False,False,none
C-00729,T-00729,B-002861,V-0044,2571161.4,0,0.0,97,97,True,False,False,none
C-00730,T-00730,B-002862,V-0230,1779399.01,0,0.0,93,93,True,False,False,none
C-00731,T-00731,B-002867,V-0357,35595320.68,1,0.03,100,100,True,False,False,none
C-00732,T-00732,B-002870,V-0385,1304345.86,0,0.0,92,92,True,False,False,bid_rigging
C-00733,T-00733,B-002872,V-0058,2472366.41,0,0.0,96,96,True,False,False,none
C-00734,T-00734,B-002874,V-0015,6164593.04,0,0.0,91,91,True,False,False,bid_suppression
C-00735,T-00735,B-002876,V-0081,4258907.28,0,0.0,93,93,True,False,False,none
C-00736,T-00736,B-002879,V-0431,1469251.89,0,0.0,92,92,True,False,False,none
C-00737,T-00737,B-002881,V-0045,3450623.26,0,0.0,91,91,True,False,False,none
C-00738,T-00738,B-002885,V-0122,5836413.77,0,0.0,92,92,True,False,False,none
C-00739,T-00739,B-002890,V-0166,4385492.89,1,0.03,93,93,True,False,False,none
C-00740,T-00740,B-002892,V-0083,891864.83,0,0.0,93,93,True,False,False,none
C-00741,T-00741,B-002896,V-0136,28825712.55,0,0.0,94,94,True,False,False,none
C-00742,T-00742,B-002899,V-0162,920365.11,0,0.0,94,94,True,False,False,none
C-00743,T-00743,B-002905,V-0449,1290396.06,2,0.06,92,92,True,False,False,none
C-00744,T-00744,B-002908,V-0496,5812080.23,1,0.03,99,99,True,False,False,bid_rigging
C-00745,T-00745,B-002909,V-0309,337324.69,0,0.0,98,98,True,False,False,none
C-00746,T-00746,B-002915,V-0096,1220077.61,1,0.03,91,91,True,False,False,none
C-00747,T-00747,B-002921,V-0469,879378.0,0,0.0,100,100,True,False,False,none
C-00748,T-00748,B-002923,V-0043,2109553.22,1,0.03,95,95,True,False,False,none
C-00749,T-00749,B-002930,V-0264,3260510.93,2,0.06,91,91,True,False,False,none
C-00750,T-00750,B-002933,V-0167,1018648.18,0,0.0,91,91,True,False,False,none
C-00751,T-00751,B-002941,V-0052,1258427.2,0,0.0,99,99,True,False,False,none
C-00752,T-00752,B-002943,V-0337,3020026.72,1,0.03,92,92,True,False,False,none
C-00753,T-00753,B-002944,V-0355,823404.22,0,0.0,93,93,True,False,False,shell_company
C-00754,T-00754,B-002948,V-0493,111702.05,0,0.0,96,96,True,False,False,none
C-00755,T-00755,B-002952,V-0115,13018232.74,0,0.0,93,93,True,False,False,none
C-00756,T-00756,B-002956,V-0250,17289505.64,0,0.0,92,92,True,False,False,bid_rigging
C-00757,T-00757,B-002959,V-0039,1524197.82,0,0.0,96,96,True,False,False,none
C-00758,T-00758,B-002963,V-0098,27571995.39,0,0.0,100,100,True,False,False,none
C-00759,T-00759,B-002968,V-0471,412476.93,0,0.0,90,90,True,False,False,none
C-00760,T-00760,B-002971,V-0159,4888792.6,0,0.0,91,91,True,False,False,none
C-00761,T-00761,B-002977,V-0012,1076197.26,0,0.0,91,91,True,False,False,none
C-00762,T-00762,B-002980,V-0046,6686681.18,0,0.0,100,100,True,False,False,none
C-00763,T-00763,B-002988,V-0494,862210.8,1,0.03,98,98,True,False,False,none
C-00764,T-00764,B-002989,V-0348,29547474.24,0,0.0,91,91,True,False,False,price_inflation
C-00765,T-00765,B-002992,V-0311,2932972.92,0,0.0,98,98,True,False,False,conflict_of_interest
C-00766,T-00766,B-002997,V-0151,7593452.73,0,0.0,97,97,True,False,False,none
C-00767,T-00767,B-003001,V-0139,868602.02,0,0.0,95,95,True,False,False,price_inflation
C-00768,T-00768,B-003003,V-0191,5469143.61,0,0.0,90,90,True,False,False,none
C-00769,T-00769,B-003004,V-0201,1922767.74,0,0.0,93,93,True,False,False,none
C-00770,T-00770,B-003007,V-0324,779888.0,1,0.03,90,90,True,False,False,none
C-00771,T-00771,B-003008,V-0303,4120032.04,1,0.03,93,93,True,False,False,none
C-00772,T-00772,B-003013,V-0392,18821931.51,0,0.0,94,94,True,False,False,none
C-00773,T-00773,B-003016,V-0068,784226.26,0,0.0,96,96,True,False,False,none
C-00774,T-00774,B-003025,V-0178,1458547.16,0,0.0,97,97,True,False,False,none
C-00775,T-00775,B-003026,V-0496,3963368.82,0,0.0,98,98,True,False,False,none
C-00776,T-00776,B-003030,V-0471,499251.63,0,0.0,96,96,True,False,False,ai_generated_doc
C-00777,T-00777,B-003034,V-0066,1011321.4,1,0.03,97,97,True,False,False,none
C-00778,T-00778,B-003038,V-0298,2946774.25,0,0.0,92,92,True,False,False,none
C-00779,T-00779,B-003043,V-0346,2936915.56,0,0.0,100,100,True,False,False,conflict_of_interest
C-00780,T-00780,B-003048,V-0496,404250.44,0,0.0,93,93,True,False,False,none
C-00781,T-00781,B-003052,V-0309,5883119.43,1,0.03,96,96,True,False,False,none
C-00782,T-00782,B-003056,V-0122,39805720.29,0,0.0,93,93,True,False,False,none
C-00783,T-00783,B-003060,V-0294,4745524.34,1,0.03,90,90,True,False,False,ai_generated_doc
C-00784,T-00784,B-003065,V-0004,3927799.36,1,0.03,100,100,True,False,False,none
C-00785,T-00785,B-003068,V-0094,236361.52,0,0.0,100,100,True,False,False,bid_rigging
C-00786,T-00786,B-003074,V-0473,3895618.45,0,0.0,91,91,True,False,False,none
C-00787,T-00787,B-003078,V-0019,327743.82,2,0.06,100,100,True,False,False,none
C-00788,T-00788,B-003079,V-0190,78264.37,0,0.0,90,90,True,False,False,none
C-00789,T-00789,B-003085,V-0134,14321600.13,1,0.03,97,97,True,False,False,none
C-00790,T-00790,B-003089,V-0431,13002843.96,0,0.0,90,90,True,False,False,none
C-00791,T-00791,B-003093,V-0457,4008493.14,0,0.0,99,99,True,False,False,none
C-00792,T-00792,B-003099,V-0355,3657568.04,0,0.0,93,93,True,False,False,bid_rigging
C-00793,T-00793,B-003104,V-0262,17346658.11,1,0.03,96,96,True,False,False,none
C-00794,T-00794,B-003108,V-0130,1689883.09,0,0.0,90,90,True,False,False,none
C-00795,T-00795,B-003112,V-0319,7935691.88,0,0.0,99,99,True,False,False,none
C-00796,T-00796,B-003115,V-0228,2762564.42,1,0.03,96,96,True,False,False,conflict_of_interest
C-00797,T-00797,B-003121,V-0088,939350.02,1,0.03,96,96,True,False,False,none
C-00798,T-00798,B-003124,V-0130,410573.56,0,0.0,99,99,True,False,False,price_inflation
C-00799,T-00799,B-003128,V-0010,1585039.29,1,0.03,92,92,True,False,False,none
C-00800,T-00800,B-003134,V-0311,3491223.45,0,0.0,93,93,True,False,False,none
C-00801,T-00801,B-003140,V-0420,1381920.43,1,0.03,97,97,True,False,False,none
C-00802,T-00802,B-003144,V-0498,172499.08,0,0.0,97,97,True,False,False,none
C-00803,T-00803,B-003147,V-0138,3612131.03,2,0.06,100,100,True,False,False,none
C-00804,T-00804,B-003153,V-0049,4088772.83,0,0.0,90,90,True,False,False,none
C-00805,T-00805,B-003156,V-0460,1770218.49,0,0.0,99,99,True,False,False,none
C-00806,T-00806,B-003159,V-0292,2016690.61,0,0.0,91,91,True,False,False,none
C-00807,T-00807,B-003165,V-0107,972182.33,0,0.0,90,90,True,False,False,none
C-00808,T-00808,B-003168,V-0195,3770718.48,1,0.03,93,93,True,False,False,ai_generated_doc
C-00809,T-00809,B-003171,V-0257,7700776.79,1,0.03,93,93,True,False,False,none
C-00810,T-00810,B-003175,V-0228,630756.37,0,0.0,90,90,True,False,False,none
C-00811,T-00811,B-003180,V-0180,3800726.09,0,0.0,96,96,True,False,False,none
C-00812,T-00812,B-003186,V-0085,3700046.42,0,0.0,98,98,True,False,False,none
C-00813,T-00813,B-003188,V-0425,463266.13,0,0.0,94,94,True,False,False,shell_company
C-00814,T-00814,B-003196,V-0494,2104222.74,1,0.03,98,98,True,False,False,none
C-00815,T-00815,B-003197,V-0338,857334.55,1,0.03,98,98,True,False,False,none
C-00816,T-00816,B-003202,V-0392,4824442.53,1,0.03,100,100,True,False,False,none
C-00817,T-00817,B-003204,V-0346,11121947.72,1,0.03,97,97,True,False,False,none
C-00818,T-00818,B-003209,V-0486,1165756.07,2,0.06,90,90,True,False,False,none
C-00819,T-00819,B-003216,V-0496,343247.57,0,0.0,97,97,True,False,False,bid_rigging
C-00820,T-00820,B-003219,V-0216,982956.85,0,0.0,98,98,True,False,False,none
C-00821,T-00821,B-003222,V-0106,9385456.07,1,0.03,95,95,True,False,False,none
C-00822,T-00822,B-003226,V-0286,3768909.83,0,0.0,92,92,True,False,False,ai_generated_doc
C-00823,T-00823,B-003229,V-0177,2875782.21,0,0.0,98,98,True,False,False,none
C-00824,T-00824,B-003232,V-0380,4544911.42,0,0.0,94,94,True,False,False,none
C-00825,T-00825,B-003233,V-0058,5253816.78,1,0.03,91,91,True,False,False,none
C-00826,T-00826,B-003239,V-0104,33157690.92,0,0.0,91,91,True,False,False,none
C-00827,T-00827,B-003245,V-0059,3400985.75,1,0.03,96,96,True,False,False,none
C-00828,T-00828,B-003248,V-0160,6278085.74,0,0.0,93,93,True,False,False,price_inflation
C-00829,T-00829,B-003254,V-0113,4482507.15,0,0.0,98,98,True,False,False,none
C-00830,T-00830,B-003256,V-0036,6716719.8,0,0.0,93,93,True,False,False,bid_rigging
C-00831,T-00831,B-003261,V-0034,3279203.0,0,0.0,98,98,True,False,False,none
C-00832,T-00832,B-003263,V-0350,834140.74,1,0.03,93,93,True,False,False,none
C-00833,T-00833,B-003266,V-0032,338342.15,0,0.0,97,97,True,False,False,none
C-00834,T-00834,B-003270,V-0119,7890621.95,0,0.0,99,99,True,False,False,none
C-00835,T-00835,B-003273,V-0133,3103195.99,0,0.0,93,93,True,False,False,ai_generated_doc
C-00836,T-00836,B-003277,V-0333,4961693.52,1,0.03,93,93,True,False,False,none
C-00837,T-00837,B-003278,V-0298,19819382.21,0,0.0,90,90,True,False,False,price_inflation
C-00838,T-00838,B-003282,V-0343,790247.95,0,0.0,93,93,True,False,False,none
C-00839,T-00839,B-003283,V-0208,232688.59,1,0.03,97,97,True,False,False,none
C-00840,T-00840,B-003286,V-0482,1379966.32,0,0.0,94,94,True,False,False,none
C-00841,T-00841,B-003287,V-0490,809029.13,0,0.0,94,94,True,False,False,bid_suppression
C-00842,T-00842,B-003288,V-0345,998277.51,1,0.03,97,97,True,False,False,none
C-00843,T-00843,B-003290,V-0094,3962134.26,2,0.06,94,94,True,False,False,bid_rigging
C-00844,T-00844,B-003293,V-0016,154602.59,0,0.0,93,93,True,False,False,ai_generated_doc
C-00845,T-00845,B-003295,V-0427,1247987.32,0,0.0,91,91,True,False,False,shell_company
C-00846,T-00846,B-003301,V-0440,7345621.97,0,0.0,96,96,True,False,False,none
C-00847,T-00847,B-003307,V-0027,1521712.02,1,0.03,97,97,True,False,False,none
C-00848,T-00848,B-003310,V-0396,499746.17,0,0.0,92,92,True,False,False,none
C-00849,T-00849,B-003314,V-0469,2860018.19,0,0.0,97,97,True,False,False,none
C-00850,T-00850,B-003322,V-0392,2380547.07,0,0.0,91,91,True,False,False,none
C-00851,T-00851,B-003324,V-0100,4865855.22,0,0.0,98,98,True,False,False,none
C-00852,T-00852,B-003329,V-0240,3223355.98,1,0.03,98,98,True,False,False,none
C-00853,T-00853,B-003333,V-0100,20931236.34,1,0.03,94,94,True,False,False,none
C-00854,T-00854,B-003338,V-0293,5396709.3,0,0.0,91,91,True,False,False,ai_generated_doc
C-00855,T-00855,B-003342,V-0306,1459601.75,0,0.0,92,92,True,False,False,none
C-00856,T-00856,B-003346,V-0328,3998913.08,0,0.0,94,94,True,False,False,none
C-00857,T-00857,B-003347,V-0210,1617062.18,0,0.0,96,96,True,False,False,none
C-00858,T-00858,B-003351,V-0395,28105204.35,2,0.06,91,91,True,False,False,none
C-00859,T-00859,B-003353,V-0139,4633560.32,0,0.0,96,96,True,False,False,price_inflation
C-00860,T-00860,B-003356,V-0222,4642937.44,0,0.0,94,94,True,False,False,price_inflation
C-00861,T-00861,B-003357,V-0335,779871.5,1,0.03,90,90,True,False,False,none
C-00862,T-00862,B-003365,V-0458,1308981.8,1,0.03,96,96,True,False,False,ai_generated_doc
C-00863,T-00863,B-003367,V-0480,1555710.22,0,0.0,98,98,True,False,False,none
C-00864,T-00864,B-003375,V-0496,1397932.96,1,0.03,96,96,True,False,False,none
C-00865,T-00865,B-003379,V-0188,796797.49,0,0.0,90,90,True,False,False,none
C-00866,T-00866,B-003381,V-0400,3093418.07,0,0.0,95,95,True,False,False,conflict_of_interest
C-00867,T-00867,B-003384,V-0305,6200553.41,0,0.0,100,100,True,False,False,none
C-00868,T-00868,B-003387,V-0387,14363828.93,0,0.0,95,95,True,False,False,none
C-00869,T-00869,B-003390,V-0305,266632.54,0,0.0,92,92,True,False,False,price_inflation
C-00870,T-00870,B-003394,V-0079,1659575.05,1,0.03,98,98,True,False,False,none
C-00871,T-00871,B-003395,V-0243,4134669.5,1,0.03,96,96,True,False,False,none
C-00872,T-00872,B-003398,V-0331,2820961.6,0,0.0,94,94,True,False,False,none
C-00873,T-00873,B-003402,V-0248,2193571.18,0,0.0,93,93,True,False,False,none
C-00874,T-00874,B-003404,V-0392,105855.24,0,0.0,91,91,True,False,False,conflict_of_interest
C-00875,T-00875,B-003408,V-0183,153201.24,0,0.0,90,90,True,False,False,none
C-00876,T-00876,B-003409,V-0190,17322775.24,1,0.03,100,100,True,False,False,none
C-00877,T-00877,B-003415,V-0003,7464789.9,0,0.0,100,100,True,False,False,none
C-00878,T-00878,B-003418,V-0228,23098243.09,0,0.0,95,95,True,False,False,shell_company
C-00879,T-00879,B-003423,V-0197,35495716.13,1,0.03,95,95,True,False,False,price_inflation
C-00880,T-00880,B-003428,V-0462,1231984.68,0,0.0,96,96,True,False,False,none
C-00881,T-00881,B-003431,V-0214,1394537.21,0,0.0,93,93,True,False,False,none
C-00882,T-00882,B-003435,V-0034,937962.83,0,0.0,91,91,True,False,False,none
C-00883,T-00883,B-003438,V-0071,1121449.9,0,0.0,96,96,True,False,False,price_inflation
C-00884,T-00884,B-003443,V-0428,1337808.47,0,0.0,92,92,True,False,False,none
C-00885,T-00885,B-003445,V-0040,3894369.81,0,0.0,92,92,True,False,False,none
C-00886,T-00886,B-003448,V-0273,517820.51,0,0.0,98,98,True,False,False,none
C-00887,T-00887,B-003452,V-0476,6136340.11,0,0.0,99,99,True,False,False,none
C-00888,T-00888,B-003459,V-0451,2041389.56,0,0.0,94,94,True,False,False,none
C-00889,T-00889,B-003463,V-0195,2665163.0,2,0.06,91,91,True,False,False,none
C-00890,T-00890,B-003464,V-0429,2877574.39,0,0.0,97,97,True,False,False,none
C-00891,T-00891,B-003466,V-0048,8647970.46,0,0.0,93,93,True,False,False,bid_suppression
C-00892,T-00892,B-003467,V-0108,1371621.16,0,0.0,98,98,True,False,False,none
C-00893,T-00893,B-003471,V-0050,3895263.19,1,0.03,95,95,True,False,False,none
C-00894,T-00894,B-003476,V-0460,2608571.45,2,0.06,90,90,True,False,False,none
C-00895,T-00895,B-003481,V-0151,3833041.5,0,0.0,95,95,True,False,False,none
C-00896,T-00896,B-003482,V-0496,3120552.5,0,0.0,100,100,True,False,False,none
C-00897,T-00897,B-003487,V-0079,6861353.16,0,0.0,99,99,True,False,False,price_inflation
C-00898,T-00898,B-003490,V-0171,1066753.17,0,0.0,90,90,True,False,False,none
C-00899,T-00899,B-003494,V-0146,5197634.04,0,0.0,99,99,True,False,False,none
C-00900,T-00900,B-003497,V-0465,19972537.51,1,0.03,96,96,True,False,False,none
C-00901,T-00901,B-003500,V-0328,3119460.82,0,0.0,95,95,True,False,False,conflict_of_interest
C-00902,T-00902,B-003506,V-0219,13105573.1,0,0.0,91,91,True,False,False,none
C-00903,T-00903,B-003509,V-0486,5198679.44,1,0.03,96,96,True,False,False,none
C-00904,T-00904,B-003515,V-0416,245088.52,1,0.03,94,94,True,False,False,none
C-00905,T-00905,B-003517,V-0443,4562162.21,0,0.0,90,90,True,False,False,ai_generated_doc
C-00906,T-00906,B-003520,V-0350,10308670.61,0,0.0,98,98,True,False,False,none
C-00907,T-00907,B-003523,V-0457,855320.04,0,0.0,98,98,True,False,False,none
C-00908,T-00908,B-003525,V-0059,6907932.99,1,0.03,97,97,True,False,False,none
C-00909,T-00909,B-003531,V-0474,2058493.06,1,0.03,90,90,True,False,False,none
C-00910,T-00910,B-003534,V-0434,1857459.33,0,0.0,96,96,True,False,False,none
C-00911,T-00911,B-003537,V-0470,2790495.44,0,0.0,97,97,True,False,False,none
C-00912,T-00912,B-003543,V-0129,945276.59,0,0.0,95,95,True,False,False,none
C-00913,T-00913,B-003546,V-0443,19948181.91,1,0.03,99,99,True,False,False,ai_generated_doc
C-00914,T-00914,B-003549,V-0146,1262981.73,0,0.0,91,91,True,False,False,none
C-00915,T-00915,B-003552,V-0038,21742747.51,0,0.0,92,92,True,False,False,none
C-00916,T-00916,B-003560,V-0430,3439238.43,0,0.0,95,95,True,False,False,none
C-00917,T-00917,B-003562,V-0359,28618079.4,0,0.0,99,99,True,False,False,none
C-00918,T-00918,B-003568,V-0182,6801844.07,0,0.0,96,96,True,False,False,none
C-00919,T-00919,B-003573,V-0361,37706605.91,0,0.0,94,94,True,False,False,none
C-00920,T-00920,B-003578,V-0475,6887738.67,0,0.0,91,91,True,False,False,price_inflation
C-00921,T-00921,B-003581,V-0035,4070025.41,0,0.0,97,97,True,False,False,none
C-00922,T-00922,B-003586,V-0468,1929793.63,0,0.0,95,95,True,False,False,none
C-00923,T-00923,B-003590,V-0354,1090811.02,0,0.0,92,92,True,False,False,none
C-00924,T-00924,B-003591,V-0037,4553320.23,0,0.0,92,92,True,False,False,none
C-00925,T-00925,B-003597,V-0316,352590.32,0,0.0,90,90,True,False,False,none
C-00926,T-00926,B-003601,V-0120,1436768.11,1,0.03,91,91,True,False,False,none
C-00927,T-00927,B-003606,V-0045,2662206.87,0,0.0,97,97,True,False,False,none
C-00928,T-00928,B-003608,V-0058,3347166.92,0,0.0,94,94,True,False,False,none
C-00929,T-00929,B-003609,V-0035,1111186.16,0,0.0,100,100,True,False,False,none
C-00930,T-00930,B-003612,V-0133,3893298.25,1,0.03,95,95,True,False,False,none
C-00931,T-00931,B-003616,V-0307,2749324.77,2,0.06,93,93,True,False,False,none
C-00932,T-00932,B-003622,V-0336,9426991.89,0,0.0,91,91,True,False,False,none
C-00933,T-00933,B-003625,V-0166,15713863.35,0,0.0,93,93,True,False,False,bid_rigging
C-00934,T-00934,B-003628,V-0450,2057204.07,0,0.0,92,92,True,False,False,none
C-00935,T-00935,B-003630,V-0415,3363161.49,0,0.0,98,98,True,False,False,none
C-00936,T-00936,B-003633,V-0028,5238685.54,0,0.0,91,91,True,False,False,shell_company
C-00937,T-00937,B-003638,V-0025,14446060.81,0,0.0,100,100,True,False,False,none
C-00938,T-00938,B-003639,V-0273,18110083.26,0,0.0,90,90,True,False,False,none
C-00939,T-00939,B-003645,V-0457,3386783.1,0,0.0,90,90,True,False,False,none
C-00940,T-00940,B-003652,V-0048,989011.44,1,0.03,91,91,True,False,False,none
C-00941,T-00941,B-003654,V-0253,3725101.04,1,0.03,99,99,True,False,False,none
C-00942,T-00942,B-003655,V-0269,3733811.51,0,0.0,100,100,True,False,False,none
C-00943,T-00943,B-003663,V-0043,2697787.6,0,0.0,96,96,True,False,False,none
C-00944,T-00944,B-003667,V-0244,1826695.92,0,0.0,93,93,True,False,False,ai_generated_doc
C-00945,T-00945,B-003670,V-0488,2545487.16,0,0.0,94,94,True,False,False,shell_company
C-00946,T-00946,B-003673,V-0228,4750170.75,0,0.0,99,99,True,False,False,shell_company
C-00947,T-00947,B-003677,V-0119,2361321.69,1,0.03,94,94,True,False,False,bid_suppression
C-00948,T-00948,B-003679,V-0166,2674312.42,0,0.0,94,94,True,False,False,bid_rigging
C-00949,T-00949,B-003682,V-0196,4731025.86,1,0.03,100,100,True,False,False,none
C-00950,T-00950,B-003688,V-0132,29797517.89,0,0.0,93,93,True,False,False,none
C-00951,T-00951,B-003692,V-0397,253502.53,0,0.0,95,95,True,False,False,none
C-00952,T-00952,B-003696,V-0458,2871704.41,1,0.03,98,98,True,False,False,none
C-00953,T-00953,B-003700,V-0081,6946906.9,0,0.0,93,93,True,False,False,none
C-00954,T-00954,B-003705,V-0312,961906.02,0,0.0,100,100,True,False,False,none
C-00955,T-00955,B-003708,V-0237,1322994.25,1,0.03,97,97,True,False,False,none
C-00956,T-00956,B-003713,V-0341,3880764.21,1,0.03,96,96,True,False,False,none
C-00957,T-00957,B-003717,V-0153,992489.3,1,0.03,99,99,True,False,False,none
C-00958,T-00958,B-003720,V-0465,5019213.08,0,0.0,91,91,True,False,False,none
C-00959,T-00959,B-003722,V-0439,13082501.59,1,0.03,90,90,True,False,False,none
C-00960,T-00960,B-003726,V-0463,1328454.19,0,0.0,96,96,True,False,False,none
C-00961,T-00961,B-003732,V-0118,1308404.92,0,0.0,96,96,True,False,False,none
C-00962,T-00962,B-003733,V-0352,1936878.66,0,0.0,97,97,True,False,False,none
C-00963,T-00963,B-003737,V-0044,2134572.33,0,0.0,97,97,True,False,False,none
C-00964,T-00964,B-003739,V-0046,1794782.95,1,0.03,91,91,True,False,False,bid_rigging
C-00965,T-00965,B-003743,V-0159,4679582.15,0,0.0,98,98,True,False,False,none
C-00966,T-00966,B-003745,V-0298,1192500.9,0,0.0,91,91,True,False,False,conflict_of_interest
C-00967,T-00967,B-003748,V-0228,609002.98,0,0.0,97,97,True,False,False,shell_company
C-00968,T-00968,B-003752,V-0032,3819084.56,1,0.03,100,100,True,False,False,none
C-00969,T-00969,B-003758,V-0347,11385596.45,0,0.0,99,99,True,False,False,none
C-00970,T-00970,B-003762,V-0199,2754733.45,1,0.03,90,90,True,False,False,none
C-00971,T-00971,B-003765,V-0303,8888737.83,2,0.06,99,99,True,False,False,ai_generated_doc
C-00972,T-00972,B-003771,V-0410,1270393.22,0,0.0,96,96,True,False,False,bid_rigging
C-00973,T-00973,B-003774,V-0099,259245.2,1,0.03,94,94,True,False,False,bid_rigging
C-00974,T-00974,B-003779,V-0217,40887920.84,0,0.0,94,94,True,False,False,none
C-00975,T-00975,B-003783,V-0143,18082894.84,0,0.0,100,100,True,False,False,none
C-00976,T-00976,B-003789,V-0451,2003704.74,0,0.0,91,91,True,False,False,none
C-00977,T-00977,B-003791,V-0156,607510.58,0,0.0,98,98,True,False,False,none
C-00978,T-00978,B-003796,V-0053,1608500.26,0,0.0,99,99,True,False,False,none
C-00979,T-00979,B-003803,V-0202,746918.72,0,0.0,94,94,True,False,False,none
C-00980,T-00980,B-003806,V-0465,14630938.79,0,0.0,94,94,True,False,False,shell_company
C-00981,T-00981,B-003809,V-0084,7015833.78,0,0.0,97,97,True,False,False,none
C-00982,T-00982,B-003812,V-0200,17953276.83,0,0.0,100,100,True,False,False,price_inflation
C-00983,T-00983,B-003816,V-0203,1604405.06,0,0.0,98,98,True,False,False,none
C-00984,T-00984,B-003817,V-0198,26648752.74,1,0.03,95,95,True,False,False,none
C-00985,T-00985,B-003823,V-0338,1475172.82,0,0.0,92,92,True,False,False,ai_generated_doc
C-00986,T-00986,B-003825,V-0380,1451070.2,0,0.0,100,100,True,False,False,bid_suppression
C-00987,T-00987,B-003829,V-0080,429164.98,0,0.0,94,94,True,False,False,price_inflation
C-00988,T-00988,B-003831,V-0161,3173646.58,2,0.06,97,97,True,False,False,none
C-00989,T-00989,B-003837,V-0283,1128385.49,1,0.03,90,90,True,False,False,none
C-00990,T-00990,B-003838,V-0383,28130614.09,0,0.0,98,98,True,False,False,shell_company
C-00991,T-00991,B-003841,V-0293,3888802.19,0,0.0,100,100,True,False,False,none
C-00992,T-00992,B-003843,V-0357,4359623.15,1,0.03,93,93,True,False,False,none
C-00993,T-00993,B-003846,V-0215,21479960.91,0,0.0,91,91,True,False,False,none
C-00994,T-00994,B-003849,V-0124,2812479.77,1,0.03,100,100,True,False,False,none
C-00995,T-00995,B-003852,V-0215,3629276.74,0,0.0,98,98,True,False,False,none
C-00996,T-00996,B-003855,V-0054,349888.13,1,0.03,98,98,True,False,False,none
C-00997,T-00997,B-003859,V-0207,1165675.17,0,0.0,92,92,True,False,False,none
C-00998,T-00998,B-003863,V-0048,1726313.03,0,0.0,99,99,True,False,False,none
C-00999,T-00999,B-003869,V-0296,212921.0,0,0.0,90,90,True,False,False,none
C-01000,T-01000,B-003870,V-0168,4722289.95,0,0.0,100,100,True,False,False,none
C-01001,T-01001,B-003873,V-0244,1500679.38,0,0.0,90,90,True,False,False,none
C-01002,T-01002,B-003875,V-0333,547054.5,0,0.0,96,96,True,False,False,none
C-01003,T-01003,B-003878,V-0222,825642.96,0,0.0,93,93,True,False,False,none
C-01004,T-01004,B-003882,V-0354,10984925.36,2,0.06,93,93,True,False,False,none
C-01005,T-01005,B-003884,V-0342,4659269.43,0,0.0,100,100,True,False,False,none
C-01006,T-01006,B-003886,V-0158,8654018.56,1,0.03,97,97,True,False,False,none
C-01007,T-01007,B-003889,V-0028,13677388.39,0,0.0,94,94,True,False,False,none
C-01008,T-01008,B-003896,V-0479,643425.21,2,0.06,100,100,True,False,False,none
C-01009,T-01009,B-003903,V-0439,4627568.79,1,0.03,91,91,True,False,False,none
C-01010,T-01010,B-003906,V-0106,24259748.58,0,0.0,90,90,True,False,False,none
C-01011,T-01011,B-003909,V-0145,4041434.68,1,0.03,93,93,True,False,False,none
C-01012,T-01012,B-003914,V-0479,57284.95,0,0.0,97,97,True,False,False,none
C-01013,T-01013,B-003918,V-0410,7145988.88,1,0.03,99,99,True,False,False,none
C-01014,T-01014,B-003924,V-0378,16585252.44,0,0.0,90,90,True,False,False,none
C-01015,T-01015,B-003926,V-0442,33771074.82,1,0.03,93,93,True,False,False,none
C-01016,T-01016,B-003927,V-0493,3644292.51,0,0.0,90,90,True,False,False,price_inflation
C-01017,T-01017,B-003932,V-0258,1122733.68,0,0.0,98,98,True,False,False,none
C-01018,T-01018,B-003935,V-0167,1972769.77,0,0.0,96,96,True,False,False,none
C-01019,T-01019,B-003940,V-0274,3508465.6,0,0.0,96,96,True,False,False,none
C-01020,T-01020,B-003945,V-0127,368106.22,0,0.0,99,99,True,False,False,none
C-01021,T-01021,B-003949,V-0281,3264481.51,0,0.0,90,90,True,False,False,none
C-01022,T-01022,B-003953,V-0462,9098596.45,0,0.0,90,90,True,False,False,none
C-01023,T-01023,B-003955,V-0216,1422669.56,0,0.0,98,98,True,False,False,ai_generated_doc
C-01024,T-01024,B-003958,V-0113,1765004.15,1,0.03,98,98,True,False,False,price_inflation
C-01025,T-01025,B-003961,V-0219,5799833.48,1,0.03,92,92,True,False,False,none
C-01026,T-01026,B-003966,V-0139,39688903.85,0,0.0,96,96,True,False,False,none
C-01027,T-01027,B-003971,V-0214,290485.95,1,0.03,94,94,True,False,False,none
C-01028,T-01028,B-003974,V-0333,5649323.04,0,0.0,96,96,True,False,False,none
C-01029,T-01029,B-003978,V-0182,15274377.42,1,0.03,92,92,True,False,False,none
C-01030,T-01030,B-003982,V-0346,3529403.75,1,0.03,95,95,True,False,False,none
C-01031,T-01031,B-003986,V-0035,315583.58,1,0.03,97,97,True,False,False,none
C-01032,T-01032,B-003992,V-0039,29511757.11,0,0.0,100,100,True,False,False,none
C-01033,T-01033,B-003997,V-0333,37106637.89,0,0.0,95,95,True,False,False,none
C-01034,T-01034,B-004000,V-0373,7079980.92,1,0.03,97,97,True,False,False,none
C-01035,T-01035,B-004002,V-0319,2876475.86,0,0.0,97,97,True,False,False,none
C-01036,T-01036,B-004006,V-0385,1168652.9,0,0.0,100,100,True,False,False,bid_rigging
C-01037,T-01037,B-004009,V-0052,3672505.48,0,0.0,99,99,True,False,False,none
C-01038,T-01038,B-004013,V-0154,1885488.79,1,0.03,98,98,True,False,False,none
C-01039,T-01039,B-004017,V-0397,912593.91,2,0.06,99,99,True,False,False,none
C-01040,T-01040,B-004023,V-0091,340612.68,0,0.0,97,97,True,False,False,none
C-01041,T-01041,B-004030,V-0237,7208712.11,0,0.0,90,90,True,False,False,ai_generated_doc
C-01042,T-01042,B-004033,V-0185,23905720.44,1,0.03,90,90,True,False,False,price_inflation
C-01043,T-01043,B-004040,V-0379,1029445.45,0,0.0,95,95,True,False,False,none
C-01044,T-01044,B-004046,V-0157,458070.27,1,0.03,92,92,True,False,False,none
C-01045,T-01045,B-004047,V-0207,946357.87,0,0.0,96,96,True,False,False,none
C-01046,T-01046,B-004052,V-0087,741944.82,0,0.0,96,96,True,False,False,none
C-01047,T-01047,B-004055,V-0324,16230602.75,0,0.0,93,93,True,False,False,none
C-01048,T-01048,B-004058,V-0496,780803.1,1,0.03,92,92,True,False,False,bid_rigging
C-01049,T-01049,B-004059,V-0346,996970.58,0,0.0,96,96,True,False,False,none
C-01050,T-01050,B-004065,V-0453,1314722.31,1,0.03,94,94,True,False,False,none
C-01051,T-01051,B-004068,V-0223,668921.16,2,0.06,95,95,True,False,False,none
C-01052,T-01052,B-004078,V-0199,4328800.77,0,0.0,93,93,True,False,False,none
C-01053,T-01053,B-004079,V-0385,907672.14,1,0.03,99,99,True,False,False,none
C-01054,T-01054,B-004085,V-0373,36409941.86,0,0.0,90,90,True,False,False,none
C-01055,T-01055,B-004091,V-0419,31611376.27,1,0.03,97,97,True,False,False,none
C-01056,T-01056,B-004093,V-0456,14682459.31,1,0.03,94,94,True,False,False,none
C-01057,T-01057,B-004095,V-0269,6317749.53,0,0.0,90,90,True,False,False,none
C-01058,T-01058,B-004100,V-0216,5485995.69,0,0.0,93,93,True,False,False,none
C-01059,T-01059,B-004101,V-0166,9472374.78,1,0.03,96,96,True,False,False,none
C-01060,T-01060,B-004108,V-0325,13936770.6,1,0.03,92,92,True,False,False,price_inflation
C-01061,T-01061,B-004109,V-0228,3087690.85,0,0.0,94,94,True,False,False,conflict_of_interest
C-01062,T-01062,B-004113,V-0467,3880372.64,0,0.0,97,97,True,False,False,none
C-01063,T-01063,B-004115,V-0490,3680545.05,0,0.0,92,92,True,False,False,shell_company
C-01064,T-01064,B-004121,V-0395,2844485.82,0,0.0,98,98,True,False,False,none
C-01065,T-01065,B-004124,V-0437,701199.64,0,0.0,100,100,True,False,False,none
C-01066,T-01066,B-004127,V-0177,34131607.53,0,0.0,90,90,True,False,False,none
C-01067,T-01067,B-004130,V-0322,255844.47,1,0.03,95,95,True,False,False,none
C-01068,T-01068,B-004133,V-0227,2708950.37,1,0.03,93,93,True,False,False,ai_generated_doc
C-01069,T-01069,B-004137,V-0468,424030.3,0,0.0,96,96,True,False,False,none
C-01070,T-01070,B-004139,V-0228,696252.55,0,0.0,93,93,True,False,False,none
C-01071,T-01071,B-004142,V-0247,9001348.87,0,0.0,97,97,True,False,False,none
C-01072,T-01072,B-004146,V-0105,2097047.71,0,0.0,93,93,True,False,False,none
C-01073,T-01073,B-004151,V-0371,3903478.27,0,0.0,92,92,True,False,False,none
C-01074,T-01074,B-004157,V-0001,588331.35,0,0.0,95,95,True,False,False,none
C-01075,T-01075,B-004159,V-0142,3390214.71,1,0.03,92,92,True,False,False,conflict_of_interest
C-01076,T-01076,B-004163,V-0258,1575233.93,1,0.03,98,98,True,False,False,shell_company
C-01077,T-01077,B-004168,V-0009,9448756.76,0,0.0,92,92,True,False,False,none
C-01078,T-01078,B-004171,V-0327,1991652.89,0,0.0,93,93,True,False,False,none
C-01079,T-01079,B-004177,V-0130,2555029.92,0,0.0,92,92,True,False,False,none
C-01080,T-01080,B-004179,V-0062,1237276.38,0,0.0,99,99,True,False,False,none
C-01081,T-01081,B-004181,V-0337,27375906.16,0,0.0,90,90,True,False,False,none
C-01082,T-01082,B-004184,V-0250,986432.94,0,0.0,93,93,True,False,False,none
C-01083,T-01083,B-004190,V-0404,2972095.23,0,0.0,90,90,True,False,False,none
C-01084,T-01084,B-004193,V-0495,1882962.79,0,0.0,99,99,True,False,False,none
C-01085,T-01085,B-004200,V-0252,1607520.1,1,0.03,100,100,True,False,False,none
C-01086,T-01086,B-004202,V-0026,2863207.0,2,0.06,90,90,True,False,False,none
C-01087,T-01087,B-004205,V-0012,13469952.34,2,0.06,97,97,True,False,False,none
C-01088,T-01088,B-004207,V-0453,328999.03,0,0.0,93,93,True,False,False,none
C-01089,T-01089,B-004210,V-0320,768459.87,1,0.03,93,93,True,False,False,none
C-01090,T-01090,B-004213,V-0414,16682850.51,1,0.03,100,100,True,False,False,none
C-01091,T-01091,B-004215,V-0191,2461769.58,0,0.0,98,98,True,False,False,none
C-01092,T-01092,B-004220,V-0471,866664.03,0,0.0,94,94,True,False,False,none
C-01093,T-01093,B-004223,V-0369,884514.02,0,0.0,100,100,True,False,False,none
C-01094,T-01094,B-004226,V-0136,2679664.59,2,0.06,91,91,True,False,False,none
C-01095,T-01095,B-004233,V-0005,1428896.91,0,0.0,100,100,True,False,False,none
C-01096,T-01096,B-004239,V-0268,21704905.81,1,0.03,98,98,True,False,False,none
C-01097,T-01097,B-004240,V-0219,3043787.64,0,0.0,90,90,True,False,False,none
C-01098,T-01098,B-004247,V-0492,35942781.09,0,0.0,93,93,True,False,False,none
C-01099,T-01099,B-004248,V-0279,438829.57,1,0.03,99,99,True,False,False,shell_company
C-01100,T-01100,B-004252,V-0216,5884222.93,0,0.0,100,100,True,False,False,ai_generated_doc
C-01101,T-01101,B-004256,V-0188,109870.02,0,0.0,100,100,True,False,False,none
C-01102,T-01102,B-004257,V-0453,3882037.09,1,0.03,97,97,True,False,False,none
C-01103,T-01103,B-004260,V-0155,5255322.21,0,0.0,99,99,True,False,False,ai_generated_doc
C-01104,T-01104,B-004264,V-0006,2374298.18,0,0.0,98,98,True,False,False,none
C-01105,T-01105,B-004267,V-0311,39782764.23,1,0.03,100,100,True,False,False,conflict_of_interest
C-01106,T-01106,B-004272,V-0387,827252.83,0,0.0,94,94,True,False,False,none
C-01107,T-01107,B-004275,V-0040,32511480.14,0,0.0,95,95,True,False,False,none
C-01108,T-01108,B-004277,V-0458,16179283.31,0,0.0,92,92,True,False,False,none
C-01109,T-01109,B-004284,V-0232,694756.74,0,0.0,97,97,True,False,False,none
C-01110,T-01110,B-004287,V-0157,4206875.52,0,0.0,98,98,True,False,False,none
C-01111,T-01111,B-004293,V-0489,501205.8,0,0.0,97,97,True,False,False,none
C-01112,T-01112,B-004300,V-0305,1636307.67,0,0.0,92,92,True,False,False,none
C-01113,T-01113,B-004305,V-0305,8303840.86,0,0.0,90,90,True,False,False,none
C-01114,T-01114,B-004306,V-0026,3606487.61,0,0.0,92,92,True,False,False,none
C-01115,T-01115,B-004309,V-0289,2748214.83,2,0.06,97,97,True,False,False,none
C-01116,T-01116,B-004315,V-0402,8673756.3,1,0.03,99,99,True,False,False,none
C-01117,T-01117,B-004316,V-0125,3118728.47,1,0.03,98,98,True,False,False,none
C-01118,T-01118,B-004320,V-0186,1237123.86,1,0.03,93,93,True,False,False,none
C-01119,T-01119,B-004323,V-0117,1468744.82,0,0.0,92,92,True,False,False,none
C-01120,T-01120,B-004328,V-0166,2681950.18,1,0.03,98,98,True,False,False,none
C-01121,T-01121,B-004331,V-0185,987018.54,0,0.0,99,99,True,False,False,none
C-01122,T-01122,B-004337,V-0159,4804610.73,0,0.0,99,99,True,False,False,none
C-01123,T-01123,B-004343,V-0444,1392280.76,1,0.03,99,99,True,False,False,none
C-01124,T-01124,B-004345,V-0166,9281383.16,0,0.0,100,100,True,False,False,bid_rigging
C-01125,T-01125,B-004352,V-0121,4432803.41,1,0.03,93,93,True,False,False,none
C-01126,T-01126,B-004359,V-0022,3511774.78,0,0.0,91,91,True,False,False,none
C-01127,T-01127,B-004365,V-0294,3521222.46,1,0.03,90,90,True,False,False,none
C-01128,T-01128,B-004367,V-0009,3767128.17,0,0.0,91,91,True,False,False,price_inflation
C-01129,T-01129,B-004370,V-0040,1451295.97,0,0.0,95,95,True,False,False,none
C-01130,T-01130,B-004375,V-0156,2000128.12,1,0.03,100,100,True,False,False,none
C-01131,T-01131,B-004379,V-0443,2527264.29,2,0.06,95,95,True,False,False,none
C-01132,T-01132,B-004383,V-0297,6118276.52,1,0.03,91,91,True,False,False,none
C-01133,T-01133,B-004385,V-0085,14277430.27,0,0.0,90,90,True,False,False,none
C-01134,T-01134,B-004389,V-0051,3645952.25,2,0.06,90,90,True,False,False,none
C-01135,T-01135,B-004392,V-0132,3688928.99,0,0.0,96,96,True,False,False,none
C-01136,T-01136,B-004395,V-0139,1310143.67,0,0.0,100,100,True,False,False,none
C-01137,T-01137,B-004402,V-0238,3100348.09,0,0.0,100,100,True,False,False,none
C-01138,T-01138,B-004404,V-0153,1275083.71,0,0.0,90,90,True,False,False,none
C-01139,T-01139,B-004407,V-0377,5450425.72,0,0.0,97,97,True,False,False,none
C-01140,T-01140,B-004411,V-0292,1923750.21,1,0.03,94,94,True,False,False,none
C-01141,T-01141,B-004415,V-0262,501681.46,0,0.0,97,97,True,False,False,none
C-01142,T-01142,B-004419,V-0092,2860529.3,1,0.03,94,94,True,False,False,none
C-01143,T-01143,B-004421,V-0365,1701232.86,0,0.0,99,99,True,False,False,none
C-01144,T-01144,B-004424,V-0049,4120603.08,0,0.0,96,96,True,False,False,none
C-01145,T-01145,B-004428,V-0484,6933610.2,0,0.0,98,98,True,False,False,none
C-01146,T-01146,B-004433,V-0127,20961997.94,0,0.0,99,99,True,False,False,price_inflation
C-01147,T-01147,B-004435,V-0354,1575867.03,0,0.0,90,90,True,False,False,none
C-01148,T-01148,B-004436,V-0323,1663146.28,1,0.03,95,95,True,False,False,none
C-01149,T-01149,B-004444,V-0337,2546252.31,0,0.0,92,92,True,False,False,ai_generated_doc
C-01150,T-01150,B-004450,V-0110,4282069.08,0,0.0,96,96,True,False,False,none
C-01151,T-01151,B-004451,V-0355,926269.33,0,0.0,91,91,True,False,False,shell_company
C-01152,T-01152,B-004457,V-0082,27569651.72,0,0.0,99,99,True,False,False,none
C-01153,T-01153,B-004459,V-0180,734491.86,1,0.03,93,93,True,False,False,none
C-01154,T-01154,B-004464,V-0291,26505774.02,0,0.0,97,97,True,False,False,none
C-01155,T-01155,B-004468,V-0390,11940019.47,0,0.0,99,99,True,False,False,none
C-01156,T-01156,B-004473,V-0320,3911829.79,1,0.03,96,96,True,False,False,price_inflation
C-01157,T-01157,B-004476,V-0240,292000.58,0,0.0,99,99,True,False,False,none
C-01158,T-01158,B-004479,V-0429,6322908.78,1,0.03,95,95,True,False,False,none
C-01159,T-01159,B-004484,V-0166,23003389.84,0,0.0,94,94,True,False,False,bid_rigging
C-01160,T-01160,B-004488,V-0080,1973126.11,0,0.0,98,98,True,False,False,price_inflation
C-01161,T-01161,B-004491,V-0262,287098.43,0,0.0,95,95,True,False,False,none
C-01162,T-01162,B-004495,V-0400,324738.98,0,0.0,94,94,True,False,False,conflict_of_interest
C-01163,T-01163,B-004501,V-0134,3256874.5,1,0.03,96,96,True,False,False,none
C-01164,T-01164,B-004506,V-0195,15913590.76,0,0.0,100,100,True,False,False,none
C-01165,T-01165,B-004510,V-0444,23066665.0,0,0.0,91,91,True,False,False,none
C-01166,T-01166,B-004511,V-0467,3115237.14,0,0.0,98,98,True,False,False,price_inflation
C-01167,T-01167,B-004513,V-0342,796305.5,0,0.0,90,90,True,False,False,none
C-01168,T-01168,B-004521,V-0193,5178731.57,1,0.03,91,91,True,False,False,none
C-01169,T-01169,B-004522,V-0483,4041721.15,0,0.0,92,92,True,False,False,none
C-01170,T-01170,B-004524,V-0325,41731684.01,0,0.0,97,97,True,False,False,none
C-01171,T-01171,B-004528,V-0234,4472230.87,0,0.0,96,96,True,False,False,none
C-01172,T-01172,B-004538,V-0297,18107148.53,0,0.0,93,93,True,False,False,none
C-01173,T-01173,B-004542,V-0218,3674540.89,0,0.0,92,92,True,False,False,price_inflation
C-01174,T-01174,B-004546,V-0143,682601.75,0,0.0,96,96,True,False,False,none
C-01175,T-01175,B-004548,V-0239,1418312.12,0,0.0,97,97,True,False,False,none
C-01176,T-01176,B-004553,V-0382,1198969.46,1,0.03,92,92,True,False,False,bid_rigging
C-01177,T-01177,B-004554,V-0018,1646593.21,0,0.0,93,93,True,False,False,none
C-01178,T-01178,B-004558,V-0216,1515615.7,0,0.0,98,98,True,False,False,none
C-01179,T-01179,B-004560,V-0245,5802909.3,0,0.0,99,99,True,False,False,none
C-01180,T-01180,B-004563,V-0092,6215218.39,0,0.0,91,91,True,False,False,none
C-01181,T-01181,B-004570,V-0100,1098382.45,0,0.0,96,96,True,False,False,none
C-01182,T-01182,B-004571,V-0283,665706.44,0,0.0,91,91,True,False,False,none
C-01183,T-01183,B-004576,V-0236,642292.64,1,0.03,90,90,True,False,False,none
C-01184,T-01184,B-004582,V-0229,743194.85,0,0.0,94,94,True,False,False,none
C-01185,T-01185,B-004588,V-0436,5117018.87,0,0.0,96,96,True,False,False,none
C-01186,T-01186,B-004589,V-0341,1656463.66,1,0.03,90,90,True,False,False,none
C-01187,T-01187,B-004595,V-0394,8351422.0,0,0.0,93,93,True,False,False,none
C-01188,T-01188,B-004598,V-0207,1379994.32,0,0.0,92,92,True,False,False,none
C-01189,T-01189,B-004604,V-0069,2399178.5,0,0.0,94,94,True,False,False,none
C-01190,T-01190,B-004609,V-0096,157746.03,0,0.0,97,97,True,False,False,none
C-01191,T-01191,B-004618,V-0052,2488959.63,0,0.0,98,98,True,False,False,none
C-01192,T-01192,B-004625,V-0471,843102.69,0,0.0,100,100,True,False,False,none
C-01193,T-01193,B-004627,V-0170,30627796.49,0,0.0,100,100,True,False,False,none
C-01194,T-01194,B-004629,V-0246,1308405.03,1,0.03,95,95,True,False,False,none
C-01195,T-01195,B-004634,V-0086,3267639.81,0,0.0,100,100,True,False,False,none
C-01196,T-01196,B-004640,V-0233,35168603.92,0,0.0,91,91,True,False,False,none
C-01197,T-01197,B-004644,V-0493,34917182.71,1,0.03,96,96,True,False,False,price_inflation
C-01198,T-01198,B-004647,V-0058,4773005.33,0,0.0,99,99,True,False,False,bid_rigging
C-01199,T-01199,B-004652,V-0315,1676800.34,0,0.0,99,99,True,False,False,none
