tender_id,category,department_id,estimated_value,published_date,submission_deadline_days,is_emergency_procurement,split_parent_tender_id
T-00000,IT Services,DEPT-017,4363298.54,2025-03-18,2,True,
T-00001,Construction,DEPT-022,39732662.25,2025-01-09,3,True,
T-00002,Security Services,DEPT-012,665667.63,2025-03-01,2,True,
T-00003,Road Maintenance,DEPT-012,14292502.83,2024-09-22,12,False,
T-00004,Office Equipment,DEPT-024,1455488.68,2025-06-28,24,False,
T-00005,Consulting,DEPT-006,2710869.65,2025-05-18,28,False,
T-00006,IT Services,DEPT-005,5146369.51,2024-03-01,3,True,
T-00007,Road Maintenance,DEPT-003,8164141.82,2026-04-26,16,False,SPLIT-PARENT-7
T-00008,Road Maintenance,DEPT-003,7636440.8,2026-04-27,19,False,SPLIT-PARENT-7
T-00009,Road Maintenance,DEPT-003,8296589.76,2026-04-25,13,False,SPLIT-PARENT-7
T-00010,Road Maintenance,DEPT-003,7649082.3,2026-04-27,14,False,SPLIT-PARENT-7
T-00011,Catering,DEPT-002,662326.9,2024-09-11,10,False,SPLIT-PARENT-11
T-00012,Catering,DEPT-002,667000.98,2024-09-11,14,False,SPLIT-PARENT-11
T-00013,Catering,DEPT-002,622315.42,2024-09-13,11,False,SPLIT-PARENT-11
T-00014,Catering,DEPT-002,654496.98,2024-09-12,16,False,SPLIT-PARENT-11
T-00015,Catering,DEPT-002,611322.88,2024-09-11,10,False,SPLIT-PARENT-11
T-00016,IT Services,DEPT-025,5657264.91,2024-07-21,1,True,
T-00017,Road Maintenance,DEPT-019,11908985.55,2025-09-11,30,False,
T-00018,Catering,DEPT-023,1292360.35,2023-09-02,3,True,
T-00019,Construction,DEPT-009,13498537.42,2023-12-01,15,False,SPLIT-PARENT-19
T-00020,Construction,DEPT-009,12197222.11,2023-12-02,15,False,SPLIT-PARENT-19
T-00021,Construction,DEPT-009,12663515.49,2023-12-02,10,False,SPLIT-PARENT-19
T-00022,Construction,DEPT-009,12427538.28,2023-12-04,20,False,SPLIT-PARENT-19
T-00023,IT Services,DEPT-017,2597949.55,2024-02-02,18,False,SPLIT-PARENT-23
T-00024,IT Services,DEPT-017,2497428.9,2024-02-03,20,False,SPLIT-PARENT-23
T-00025,IT Services,DEPT-017,2671155.3,2024-02-03,20,False,SPLIT-PARENT-23
T-00026,Road Maintenance,DEPT-004,15023543.49,2025-12-30,10,False,
T-00027,Medical Supplies,DEPT-017,5421774.36,2024-07-30,2,True,
T-00028,Security Services,DEPT-011,563606.97,2023-11-30,1,True,
T-00029,Office Equipment,DEPT-007,457396.62,2026-02-18,26,False,
T-00030,IT Services,DEPT-014,2716121.15,2025-08-04,15,False,SPLIT-PARENT-30
T-00031,IT Services,DEPT-014,2493412.74,2025-08-03,12,False,SPLIT-PARENT-30
T-00032,IT Services,DEPT-014,2677402.09,2025-08-05,18,False,SPLIT-PARENT-30
T-00033,Road Maintenance,DEPT-006,23809875.62,2024-09-15,1,True,
T-00034,Office Equipment,DEPT-005,455137.4,2023-10-19,16,False,SPLIT-PARENT-34
T-00035,Office Equipment,DEPT-005,493398.34,2023-10-19,11,False,SPLIT-PARENT-34
T-00036,Office Equipment,DEPT-005,447533.54,2023-10-22,16,False,SPLIT-PARENT-34
T-00037,Construction,DEPT-007,35830023.79,2023-08-09,3,True,
T-00038,Construction,DEPT-016,13115007.29,2023-09-01,11,False,SPLIT-PARENT-38
T-00039,Construction,DEPT-016,13574578.49,2023-09-02,19,False,SPLIT-PARENT-38
T-00040,Construction,DEPT-016,13540138.26,2023-09-02,20,False,SPLIT-PARENT-38
T-00041,Construction,DEPT-016,12539791.27,2023-09-01,12,False,SPLIT-PARENT-38
T-00042,Consulting,DEPT-019,2387152.41,2024-12-13,3,True,
T-00043,Office Equipment,DEPT-017,949192.27,2026-03-13,3,True,
T-00044,Construction,DEPT-017,12540484.95,2024-03-20,15,False,
T-00045,Construction,DEPT-024,9148604.07,2023-07-22,25,False,
T-00046,Road Maintenance,DEPT-023,12128761.72,2026-04-22,3,True,
T-00047,IT Services,DEPT-006,3020812.16,2024-12-27,26,False,
T-00048,Office Equipment,DEPT-014,453779.08,2023-08-21,17,False,SPLIT-PARENT-48
T-00049,Office Equipment,DEPT-014,498275.18,2023-08-22,18,False,SPLIT-PARENT-48
T-00050,Office Equipment,DEPT-014,495535.82,2023-08-20,15,False,SPLIT-PARENT-48
T-00051,Office Equipment,DEPT-014,479945.9,2023-08-23,14,False,SPLIT-PARENT-48
T-00052,Catering,DEPT-020,1208946.61,2024-09-30,17,False,
T-00053,Security Services,DEPT-010,679844.69,2025-05-26,1,True,
T-00054,Catering,DEPT-022,1951350.13,2025-01-22,3,True,
T-00055,Catering,DEPT-022,1973800.41,2023-08-04,3,True,
T-00056,IT Services,DEPT-004,5675845.2,2023-10-21,3,True,
T-00057,IT Services,DEPT-024,4427942.02,2023-12-12,1,True,
T-00058,Road Maintenance,DEPT-007,8428662.79,2025-04-07,2,True,
T-00059,Catering,DEPT-009,1646210.54,2026-04-06,30,False,
T-00060,Security Services,DEPT-012,2865032.22,2025-09-01,25,False,
T-00061,Consulting,DEPT-005,980561.31,2025-07-20,2,True,
T-00062,Catering,DEPT-016,662139.65,2024-04-17,17,False,SPLIT-PARENT-62
T-00063,Catering,DEPT-016,656707.78,2024-04-18,16,False,SPLIT-PARENT-62
T-00064,Catering,DEPT-016,650017.14,2024-04-19,12,False,SPLIT-PARENT-62
T-00065,Consulting,DEPT-020,4572450.49,2023-07-17,26,False,
T-00066,Catering,DEPT-015,1662820.76,2024-02-18,2,True,
T-00067,Catering,DEPT-017,1904619.84,2024-06-19,27,False,
T-00068,Construction,DEPT-025,29577341.32,2023-03-06,13,False,
T-00069,Security Services,DEPT-015,2608294.71,2024-10-06,11,False,
T-00070,Construction,DEPT-006,17893235.38,2026-02-14,15,False,
T-00071,Catering,DEPT-014,1872184.12,2023-10-03,2,True,
T-00072,Catering,DEPT-025,1745521.39,2023-08-13,27,False,
T-00073,Catering,DEPT-016,185915.47,2026-02-25,22,False,
T-00074,Consulting,DEPT-016,326561.48,2026-04-25,21,False,
T-00075,Consulting,DEPT-011,2007024.16,2023-05-06,1,True,
T-00076,Medical Supplies,DEPT-012,4891736.99,2024-12-15,30,False,
T-00077,Road Maintenance,DEPT-013,24694627.1,2023-07-19,2,True,
T-00078,Security Services,DEPT-012,1246802.11,2023-04-26,11,False,SPLIT-PARENT-78
T-00079,Security Services,DEPT-012,1348147.07,2023-04-26,15,False,SPLIT-PARENT-78
T-00080,Security Services,DEPT-012,1220899.82,2023-04-30,15,False,SPLIT-PARENT-78
T-00081,Security Services,DEPT-012,1196802.73,2023-04-29,19,False,SPLIT-PARENT-78
T-00082,Security Services,DEPT-012,1283686.29,2023-04-29,14,False,SPLIT-PARENT-78
T-00083,Construction,DEPT-023,7715841.86,2025-08-19,22,False,
T-00084,Security Services,DEPT-011,2538870.58,2026-03-18,2,True,
T-00085,IT Services,DEPT-023,3232859.6,2024-02-26,3,True,
T-00086,Road Maintenance,DEPT-006,24277945.55,2024-09-05,2,True,
T-00087,Office Equipment,DEPT-016,1271072.44,2023-06-04,19,False,
T-00088,Consulting,DEPT-002,4223977.78,2024-08-31,17,False,
T-00089,IT Services,DEPT-023,3908937.33,2026-03-30,2,True,
T-00090,Consulting,DEPT-003,2191133.61,2026-03-06,16,False,
T-00091,Road Maintenance,DEPT-003,8051690.37,2024-09-11,16,False,SPLIT-PARENT-91
T-00092,Road Maintenance,DEPT-003,7895117.34,2024-09-14,18,False,SPLIT-PARENT-91
T-00093,Road Maintenance,DEPT-003,7953047.54,2024-09-14,12,False,SPLIT-PARENT-91
T-00094,Road Maintenance,DEPT-003,8439519.85,2024-09-14,12,False,SPLIT-PARENT-91
T-00095,Road Maintenance,DEPT-003,8093659.25,2024-09-11,20,False,SPLIT-PARENT-91
T-00096,Catering,DEPT-009,619473.44,2025-12-27,23,False,
T-00097,Construction,DEPT-017,4142268.87,2024-02-15,1,True,
T-00098,Office Equipment,DEPT-005,1303847.45,2024-09-06,12,False,
T-00099,Office Equipment,DEPT-014,1228706.46,2024-06-30,18,False,
T-00100,Office Equipment,DEPT-013,1499590.63,2024-05-03,1,True,
T-00101,Construction,DEPT-008,39872199.81,2024-09-27,3,True,
T-00102,Security Services,DEPT-014,2399554.14,2023-03-17,2,True,
T-00103,Medical Supplies,DEPT-001,1833043.97,2024-06-13,17,False,SPLIT-PARENT-103
T-00104,Medical Supplies,DEPT-001,1998549.81,2024-06-13,11,False,SPLIT-PARENT-103
T-00105,Medical Supplies,DEPT-001,1870696.0,2024-06-15,11,False,SPLIT-PARENT-103
T-00106,Medical Supplies,DEPT-001,2030856.94,2024-06-16,15,False,SPLIT-PARENT-103
T-00107,Medical Supplies,DEPT-001,1968366.48,2024-06-13,16,False,SPLIT-PARENT-103
T-00108,Medical Supplies,DEPT-008,4648576.38,2023-08-18,13,False,
T-00109,Consulting,DEPT-016,4734875.5,2023-07-04,1,True,
T-00110,Road Maintenance,DEPT-011,21391537.38,2026-04-11,17,False,
T-00111,Security Services,DEPT-007,1290453.17,2023-10-23,1,True,
T-00112,Consulting,DEPT-015,2362611.85,2025-04-16,3,True,
T-00113,Construction,DEPT-016,6908057.78,2025-12-28,1,True,
T-00114,Road Maintenance,DEPT-018,23897224.65,2025-05-17,1,True,
T-00115,Consulting,DEPT-005,3109638.25,2025-01-13,2,True,
T-00116,Consulting,DEPT-001,1297485.47,2023-03-13,11,False,
T-00117,Office Equipment,DEPT-009,1023965.99,2026-02-05,3,True,
T-00118,Road Maintenance,DEPT-022,7879385.78,2023-09-10,14,False,SPLIT-PARENT-118
T-00119,Road Maintenance,DEPT-022,7779760.27,2023-09-08,14,False,SPLIT-PARENT-118
T-00120,Road Maintenance,DEPT-022,7676814.63,2023-09-08,17,False,SPLIT-PARENT-118
T-00121,Road Maintenance,DEPT-022,8155663.7,2023-09-10,10,False,SPLIT-PARENT-118
T-00122,Consulting,DEPT-003,3167015.55,2025-10-03,2,True,
T-00123,Road Maintenance,DEPT-023,9595905.23,2025-05-15,15,False,
T-00124,Consulting,DEPT-017,745076.44,2023-05-16,3,True,
T-00125,Road Maintenance,DEPT-015,17117756.69,2023-02-26,15,False,
T-00126,Catering,DEPT-021,1088584.63,2023-10-06,1,True,
T-00127,Consulting,DEPT-011,3907128.28,2026-03-25,1,True,
T-00128,Office Equipment,DEPT-017,804237.08,2023-09-24,20,False,
T-00129,Catering,DEPT-016,1719144.85,2023-10-01,3,True,
T-00130,Road Maintenance,DEPT-010,14245764.13,2024-02-11,2,True,
T-00131,Medical Supplies,DEPT-013,3431487.13,2025-02-11,17,False,
T-00132,Construction,DEPT-001,35312836.9,2026-02-17,12,False,
T-00133,Catering,DEPT-007,651238.37,2024-06-24,14,False,SPLIT-PARENT-133
T-00134,Catering,DEPT-007,608581.86,2024-06-22,12,False,SPLIT-PARENT-133
T-00135,Catering,DEPT-007,681199.16,2024-06-20,10,False,SPLIT-PARENT-133
T-00136,Catering,DEPT-007,660391.09,2024-06-23,17,False,SPLIT-PARENT-133
T-00137,Catering,DEPT-004,621204.54,2024-04-07,16,False,SPLIT-PARENT-137
T-00138,Catering,DEPT-004,606848.14,2024-04-05,19,False,SPLIT-PARENT-137
T-00139,Catering,DEPT-004,614616.56,2024-04-06,20,False,SPLIT-PARENT-137
T-00140,Catering,DEPT-004,612232.05,2024-04-05,16,False,SPLIT-PARENT-137
T-00141,Medical Supplies,DEPT-001,2510374.77,2024-08-17,17,False,
T-00142,Catering,DEPT-008,354628.93,2025-01-27,30,False,
T-00143,Catering,DEPT-003,154687.08,2023-01-22,2,True,
T-00144,Security Services,DEPT-022,3118494.12,2024-03-10,23,False,
T-00145,Consulting,DEPT-003,3177485.85,2023-07-15,11,False,
T-00146,Road Maintenance,DEPT-008,17897914.43,2025-08-22,29,False,
T-00147,Construction,DEPT-001,10092638.14,2024-06-03,22,False,
T-00148,Consulting,DEPT-013,854583.08,2025-01-29,3,True,
T-00149,Construction,DEPT-019,2552697.3,2024-01-03,3,True,
T-00150,Catering,DEPT-011,766116.36,2025-08-16,2,True,
T-00151,Security Services,DEPT-005,2523703.67,2024-06-17,1,True,
T-00152,Medical Supplies,DEPT-016,2444627.66,2024-07-29,23,False,
T-00153,Consulting,DEPT-009,2299879.63,2024-06-24,23,False,
T-00154,Medical Supplies,DEPT-011,5439328.36,2025-10-03,14,False,
T-00155,Catering,DEPT-002,761685.39,2024-01-22,1,True,
T-00156,Medical Supplies,DEPT-002,3156838.51,2025-08-21,3,True,
T-00157,Catering,DEPT-014,1588940.72,2023-08-26,25,False,
T-00158,Construction,DEPT-015,17068625.73,2024-12-31,27,False,
T-00159,Catering,DEPT-015,1281964.73,2025-10-06,3,True,
T-00160,Medical Supplies,DEPT-004,5194827.7,2024-12-16,2,True,
T-00161,Medical Supplies,DEPT-006,5704695.65,2025-11-07,28,False,
T-00162,Office Equipment,DEPT-019,263256.55,2023-01-09,28,False,
T-00163,Medical Supplies,DEPT-014,5570537.61,2023-06-07,2,True,
T-00164,IT Services,DEPT-011,4089295.46,2023-02-23,3,True,
T-00165,IT Services,DEPT-013,2288481.79,2025-02-04,13,False,
T-00166,Road Maintenance,DEPT-005,12019258.15,2023-03-01,3,True,
T-00167,Catering,DEPT-015,1962061.89,2024-07-05,10,False,
T-00168,Road Maintenance,DEPT-002,12822834.26,2025-07-16,3,True,
T-00169,Medical Supplies,DEPT-007,2073196.92,2023-04-10,19,False,
T-00170,Road Maintenance,DEPT-002,16201620.5,2023-05-25,29,False,
T-00171,Security Services,DEPT-003,1264524.23,2025-03-27,1,True,
T-00172,Security Services,DEPT-003,673107.98,2023-02-12,15,False,
T-00173,Security Services,DEPT-025,863967.0,2025-04-04,3,True,
T-00174,Medical Supplies,DEPT-004,899068.16,2024-09-03,2,True,
T-00175,Consulting,DEPT-022,929132.93,2023-09-26,1,True,
T-00176,Road Maintenance,DEPT-017,4331852.14,2024-02-14,2,True,
T-00177,Catering,DEPT-009,1317662.02,2026-02-27,12,False,
T-00178,Security Services,DEPT-012,1054768.3,2024-01-17,2,True,
T-00179,IT Services,DEPT-002,2961638.08,2025-11-17,2,True,
T-00180,Office Equipment,DEPT-021,1350343.19,2023-11-14,26,False,
T-00181,IT Services,DEPT-010,3949504.63,2025-08-16,2,True,
T-00182,Consulting,DEPT-005,3404277.14,2023-09-19,19,False,
T-00183,Office Equipment,DEPT-017,299863.81,2025-05-25,1,True,
T-00184,IT Services,DEPT-002,1780625.44,2025-11-17,2,True,
T-00185,Security Services,DEPT-004,547127.02,2025-08-09,28,False,
T-00186,Consulting,DEPT-012,1010888.3,2024-06-05,26,False,
T-00187,Construction,DEPT-004,12586432.88,2025-08-05,1,True,
T-00188,Security Services,DEPT-002,1037237.74,2023-06-20,3,True,
T-00189,Consulting,DEPT-011,625772.16,2026-04-17,24,False,
T-00190,Consulting,DEPT-011,779052.18,2024-01-19,1,True,
T-00191,Consulting,DEPT-022,2411738.09,2023-08-06,1,True,
T-00192,Construction,DEPT-013,9840681.3,2023-08-27,10,False,
T-00193,Medical Supplies,DEPT-021,2280978.69,2025-09-04,24,False,
T-00194,Security Services,DEPT-022,2212302.18,2025-09-23,19,False,
T-00195,Road Maintenance,DEPT-023,17569475.89,2025-03-19,19,False,
T-00196,IT Services,DEPT-005,602703.48,2023-10-04,10,False,
T-00197,Office Equipment,DEPT-004,1209145.08,2023-02-02,16,False,
T-00198,Construction,DEPT-007,25860214.8,2025-09-12,30,False,
T-00199,Medical Supplies,DEPT-021,628290.34,2024-05-10,23,False,
T-00200,Office Equipment,DEPT-003,1316689.0,2024-09-08,24,False,
T-00201,Medical Supplies,DEPT-016,5537103.54,2025-05-14,10,False,
T-00202,IT Services,DEPT-006,770300.29,2023-11-09,24,False,
T-00203,Catering,DEPT-016,626067.53,2023-02-10,24,False,
T-00204,Office Equipment,DEPT-007,1218991.86,2024-08-26,28,False,
T-00205,Security Services,DEPT-002,3093734.89,2024-11-14,10,False,
T-00206,IT Services,DEPT-021,1720811.85,2025-06-03,23,False,
T-00207,Catering,DEPT-024,497763.71,2026-03-31,29,False,
T-00208,Consulting,DEPT-002,1978266.09,2025-09-25,22,False,
T-00209,Catering,DEPT-017,1020593.67,2026-04-25,29,False,
T-00210,Catering,DEPT-008,1274684.07,2023-05-05,26,False,
T-00211,Construction,DEPT-014,16018718.3,2026-03-26,20,False,
T-00212,IT Services,DEPT-009,3861517.31,2025-05-04,25,False,
T-00213,IT Services,DEPT-016,6055526.22,2024-12-11,24,False,
T-00214,Security Services,DEPT-001,532059.53,2023-11-27,19,False,
T-00215,Office Equipment,DEPT-016,416033.57,2024-12-05,24,False,
T-00216,Office Equipment,DEPT-017,1084356.9,2024-03-25,28,False,
T-00217,Road Maintenance,DEPT-020,22484964.1,2025-08-17,14,False,
T-00218,Consulting,DEPT-024,2656051.72,2025-03-10,23,False,
T-00219,Road Maintenance,DEPT-016,13770723.65,2023-11-28,29,False,
T-00220,Office Equipment,DEPT-010,205399.42,2023-06-26,25,False,
T-00221,Medical Supplies,DEPT-006,2767362.35,2024-02-13,15,False,
T-00222,Catering,DEPT-004,1111972.81,2025-05-01,25,False,
T-00223,Consulting,DEPT-008,1363858.42,2024-03-04,27,False,
T-00224,Construction,DEPT-001,12231242.78,2025-01-04,18,False,
T-00225,Road Maintenance,DEPT-022,10054819.91,2023-11-21,15,False,
T-00226,Construction,DEPT-003,2762705.52,2024-11-22,23,False,
T-00227,IT Services,DEPT-020,2780009.57,2024-04-09,13,False,
T-00228,Office Equipment,DEPT-016,356599.61,2024-06-12,20,False,
T-00229,Road Maintenance,DEPT-025,8859936.45,2023-04-06,27,False,
T-00230,Consulting,DEPT-005,774858.23,2025-11-21,29,False,
T-00231,IT Services,DEPT-023,7157060.06,2023-04-14,24,False,
T-00232,Catering,DEPT-025,1227825.66,2023-08-16,13,False,
T-00233,IT Services,DEPT-018,5529087.86,2023-03-27,26,False,
T-00234,IT Services,DEPT-006,6376618.54,2023-08-30,16,False,
T-00235,Road Maintenance,DEPT-006,12962612.77,2024-08-21,24,False,
T-00236,Catering,DEPT-024,265148.55,2023-07-23,14,False,
T-00237,Road Maintenance,DEPT-011,13890557.0,2023-10-10,13,False,
T-00238,Office Equipment,DEPT-015,900919.62,2025-05-01,10,False,
T-00239,Office Equipment,DEPT-016,1130887.24,2024-11-30,19,False,
T-00240,Medical Supplies,DEPT-003,2675208.35,2024-06-28,21,False,
T-00241,Security Services,DEPT-012,859289.09,2024-05-17,14,False,
T-00242,Security Services,DEPT-008,1421593.26,2023-10-10,23,False,
T-00243,Security Services,DEPT-014,1707096.27,2025-07-28,26,False,
T-00244,Road Maintenance,DEPT-001,16502013.79,2025-06-25,14,False,
T-00245,Construction,DEPT-023,23689575.58,2025-11-25,12,False,
T-00246,IT Services,DEPT-011,3041944.79,2024-10-06,22,False,
T-00247,Medical Supplies,DEPT-014,5921114.21,2023-05-06,22,False,
T-00248,Construction,DEPT-022,25019443.14,2023-11-06,28,False,
T-00249,Construction,DEPT-021,11014618.09,2025-11-30,19,False,
T-00250,Security Services,DEPT-013,766416.9,2026-02-07,19,False,
T-00251,Road Maintenance,DEPT-012,4668619.34,2023-01-17,18,False,
T-00252,Medical Supplies,DEPT-023,1588852.71,2025-04-07,24,False,
T-00253,Office Equipment,DEPT-018,282987.99,2025-06-24,21,False,
T-00254,Security Services,DEPT-025,1071641.29,2024-02-09,19,False,
T-00255,IT Services,DEPT-002,2495232.8,2026-01-05,20,False,
T-00256,Security Services,DEPT-024,1024144.94,2023-09-16,26,False,
T-00257,Consulting,DEPT-007,4504474.04,2023-07-10,26,False,
T-00258,Consulting,DEPT-017,585121.98,2024-11-28,30,False,
T-00259,Medical Supplies,DEPT-001,3218391.63,2023-02-27,27,False,
T-00260,Consulting,DEPT-008,2169904.77,2024-09-14,23,False,
T-00261,IT Services,DEPT-024,7864315.35,2023-05-03,21,False,
T-00262,Consulting,DEPT-021,737786.73,2025-11-05,21,False,
T-00263,IT Services,DEPT-002,3363488.11,2023-09-13,24,False,
T-00264,Consulting,DEPT-019,4853458.08,2023-01-11,24,False,
T-00265,Road Maintenance,DEPT-008,21772171.02,2026-04-06,28,False,
T-00266,Office Equipment,DEPT-012,1234754.5,2024-09-04,19,False,
T-00267,Medical Supplies,DEPT-023,1658731.54,2025-02-12,26,False,
T-00268,Office Equipment,DEPT-004,297787.0,2024-11-02,26,False,
T-00269,Office Equipment,DEPT-025,1019532.67,2025-01-09,24,False,
T-00270,IT Services,DEPT-005,7456195.12,2025-05-21,23,False,
T-00271,IT Services,DEPT-003,4587074.28,2023-05-08,23,False,
T-00272,Medical Supplies,DEPT-016,3493934.23,2024-03-15,24,False,
T-00273,IT Services,DEPT-012,2455839.02,2025-12-13,22,False,
T-00274,Security Services,DEPT-009,3170174.56,2026-04-11,25,False,
T-00275,Security Services,DEPT-015,1073357.49,2025-09-29,23,False,
T-00276,Medical Supplies,DEPT-005,2043523.53,2025-11-01,14,False,
T-00277,Catering,DEPT-023,908329.23,2025-07-26,14,False,
T-00278,IT Services,DEPT-023,4208599.92,2024-03-11,24,False,
T-00279,Catering,DEPT-002,560578.49,2023-11-18,27,False,
T-00280,Road Maintenance,DEPT-004,3756083.79,2025-04-16,13,False,
T-00281,IT Services,DEPT-012,5001774.33,2026-03-16,19,False,
T-00282,Construction,DEPT-017,12967961.02,2023-11-10,13,False,
T-00283,Road Maintenance,DEPT-010,14949717.31,2025-02-05,19,False,
T-00284,Consulting,DEPT-016,940941.03,2023-02-27,14,False,
T-00285,Medical Supplies,DEPT-019,2964669.6,2025-05-13,11,False,
T-00286,Consulting,DEPT-010,2756429.28,2024-03-17,15,False,
T-00287,Catering,DEPT-001,198464.72,2023-09-08,27,False,
T-00288,Road Maintenance,DEPT-003,9078502.68,2023-04-02,23,False,
T-00289,Catering,DEPT-019,355387.89,2024-09-26,28,False,
T-00290,Catering,DEPT-011,220412.44,2025-02-11,25,False,
T-00291,Medical Supplies,DEPT-025,5941267.36,2023-10-11,26,False,
T-00292,Catering,DEPT-025,712472.31,2025-07-10,24,False,
T-00293,Medical Supplies,DEPT-024,4887765.51,2024-10-28,12,False,
T-00294,Security Services,DEPT-013,1316706.36,2024-04-21,22,False,
T-00295,Road Maintenance,DEPT-018,17356065.33,2023-04-04,24,False,
T-00296,Consulting,DEPT-021,3849093.73,2023-07-01,15,False,
T-00297,Construction,DEPT-019,24634272.14,2024-09-24,27,False,
T-00298,IT Services,DEPT-021,3931136.65,2026-02-19,12,False,
T-00299,Office Equipment,DEPT-020,647169.33,2026-01-14,28,False,
T-00300,Construction,DEPT-019,15256994.13,2025-12-04,16,False,
T-00301,Catering,DEPT-017,1866105.37,2023-02-08,13,False,
T-00302,Medical Supplies,DEPT-001,5009123.54,2024-07-17,16,False,
T-00303,Office Equipment,DEPT-023,1449289.02,2026-04-01,24,False,
T-00304,IT Services,DEPT-018,1257088.62,2024-10-18,22,False,
T-00305,Construction,DEPT-016,29772964.06,2023-02-17,20,False,
T-00306,Security Services,DEPT-006,3778025.64,2025-04-29,10,False,
T-00307,Road Maintenance,DEPT-013,5349593.59,2024-06-10,12,False,
T-00308,IT Services,DEPT-004,812021.26,2026-01-14,15,False,
T-00309,Consulting,DEPT-005,3757379.12,2024-01-10,18,False,
T-00310,IT Services,DEPT-005,4723442.97,2024-09-20,23,False,
T-00311,Medical Supplies,DEPT-002,5074698.34,2024-10-28,15,False,
T-00312,Construction,DEPT-023,7311350.31,2023-04-30,19,False,
T-00313,Security Services,DEPT-004,3262962.32,2024-10-17,14,False,
T-00314,Security Services,DEPT-011,1125858.35,2024-06-12,22,False,
T-00315,IT Services,DEPT-002,1560150.76,2024-02-19,17,False,
T-00316,Office Equipment,DEPT-016,288185.41,2025-11-07,26,False,
T-00317,Security Services,DEPT-004,3332468.99,2024-07-05,11,False,
T-00318,Road Maintenance,DEPT-015,16964733.3,2026-02-06,23,False,
T-00319,IT Services,DEPT-016,4327603.77,2023-03-01,23,False,
T-00320,Office Equipment,DEPT-001,570304.2,2024-07-05,27,False,
T-00321,IT Services,DEPT-008,7054444.16,2026-02-10,30,False,
T-00322,Medical Supplies,DEPT-010,2445803.88,2026-03-09,23,False,
T-00323,Catering,DEPT-003,1651538.93,2025-10-21,16,False,
T-00324,Medical Supplies,DEPT-012,2718939.22,2026-01-11,15,False,
T-00325,Office Equipment,DEPT-018,596569.42,2025-05-17,27,False,
T-00326,Catering,DEPT-002,979091.59,2023-01-03,24,False,
T-00327,Consulting,DEPT-021,1646613.8,2023-12-09,10,False,
T-00328,Construction,DEPT-016,30409156.45,2024-07-13,29,False,
T-00329,Consulting,DEPT-022,2613057.87,2025-02-17,21,False,
T-00330,Office Equipment,DEPT-019,386708.41,2025-11-11,19,False,
T-00331,Construction,DEPT-006,36183833.78,2025-12-29,28,False,
T-00332,IT Services,DEPT-010,3255962.4,2023-07-03,22,False,
T-00333,IT Services,DEPT-005,4485357.03,2026-02-13,18,False,
T-00334,Security Services,DEPT-007,3663299.6,2025-10-30,20,False,
T-00335,Road Maintenance,DEPT-021,15981711.9,2024-06-19,24,False,
T-00336,Consulting,DEPT-008,761110.6,2024-10-20,20,False,
T-00337,Office Equipment,DEPT-015,1412756.58,2024-11-03,10,False,
T-00338,Medical Supplies,DEPT-021,3822092.11,2023-01-05,29,False,
T-00339,Catering,DEPT-001,736320.67,2023-01-20,15,False,
T-00340,Security Services,DEPT-018,901379.46,2025-09-28,22,False,
T-00341,IT Services,DEPT-021,6413993.96,2023-06-08,27,False,
T-00342,Construction,DEPT-022,25562764.73,2025-06-30,13,False,
T-00343,Road Maintenance,DEPT-013,13803066.21,2025-01-03,22,False,
T-00344,Medical Supplies,DEPT-025,5379271.61,2023-01-18,13,False,
T-00345,Catering,DEPT-012,1598334.7,2024-01-31,24,False,
T-00346,Construction,DEPT-008,7763645.43,2023-02-10,18,False,
T-00347,Road Maintenance,DEPT-007,8481329.63,2023-07-04,29,False,
T-00348,Consulting,DEPT-023,1392747.87,2024-03-28,17,False,
T-00349,Catering,DEPT-012,1513497.96,2023-03-17,18,False,
T-00350,Catering,DEPT-023,163711.63,2024-03-04,10,False,
T-00351,Office Equipment,DEPT-021,876340.04,2025-03-22,13,False,
T-00352,Consulting,DEPT-019,3859801.69,2025-10-21,25,False,
T-00353,Medical Supplies,DEPT-018,5279078.98,2024-02-01,28,False,
T-00354,Medical Supplies,DEPT-003,2151178.23,2026-04-19,14,False,
T-00355,IT Services,DEPT-005,6623681.25,2024-06-15,28,False,
T-00356,Office Equipment,DEPT-017,210416.02,2024-07-15,16,False,
T-00357,Construction,DEPT-023,34165187.09,2025-12-27,29,False,
T-00358,Consulting,DEPT-022,811945.58,2026-02-21,24,False,
T-00359,Construction,DEPT-014,17096917.04,2023-04-17,20,False,
T-00360,Security Services,DEPT-014,3270263.32,2024-07-15,13,False,
T-00361,Catering,DEPT-016,384843.11,2025-01-10,26,False,
T-00362,Construction,DEPT-024,10711553.02,2024-04-04,11,False,
T-00363,Consulting,DEPT-014,3666812.33,2025-12-26,24,False,
T-00364,Road Maintenance,DEPT-001,18280876.88,2025-03-13,16,False,
T-00365,Road Maintenance,DEPT-003,16387543.19,2026-03-17,10,False,
T-00366,Office Equipment,DEPT-023,1056225.24,2025-05-17,12,False,
T-00367,Office Equipment,DEPT-007,836950.44,2023-12-03,20,False,
T-00368,Consulting,DEPT-003,1408635.48,2023-07-18,10,False,
T-00369,Catering,DEPT-014,756822.39,2023-02-19,28,False,
T-00370,Road Maintenance,DEPT-009,5358345.2,2024-05-21,13,False,
T-00371,Catering,DEPT-008,1826056.07,2024-11-28,11,False,
T-00372,Road Maintenance,DEPT-017,15001403.07,2024-04-29,12,False,
T-00373,Catering,DEPT-025,861617.69,2023-07-15,30,False,
T-00374,Catering,DEPT-019,977811.03,2023-09-13,12,False,
T-00375,Construction,DEPT-002,37996766.91,2025-02-11,20,False,
T-00376,IT Services,DEPT-005,1480805.8,2023-05-07,24,False,
T-00377,Construction,DEPT-010,24276733.62,2025-06-03,12,False,
T-00378,IT Services,DEPT-022,4195342.83,2023-04-25,27,False,
T-00379,Construction,DEPT-010,25235260.95,2025-02-20,22,False,
T-00380,IT Services,DEPT-020,439448.42,2025-04-21,17,False,
T-00381,Construction,DEPT-015,35140708.54,2025-02-25,24,False,
T-00382,Security Services,DEPT-020,3755625.82,2023-07-27,20,False,
T-00383,Construction,DEPT-015,23475060.98,2025-11-25,20,False,
T-00384,Office Equipment,DEPT-004,1060143.69,2023-07-30,10,False,
T-00385,IT Services,DEPT-019,7403245.24,2024-02-01,28,False,
T-00386,Medical Supplies,DEPT-021,4287346.01,2025-11-08,18,False,
T-00387,Road Maintenance,DEPT-014,4660937.03,2025-09-12,29,False,
T-00388,Catering,DEPT-006,1194947.88,2024-05-12,14,False,
T-00389,Construction,DEPT-002,25055171.76,2023-09-19,19,False,
T-00390,Security Services,DEPT-017,1926870.42,2025-01-02,19,False,
T-00391,Medical Supplies,DEPT-005,4458198.78,2025-08-19,19,False,
T-00392,Road Maintenance,DEPT-010,23424808.35,2025-01-25,10,False,
T-00393,Medical Supplies,DEPT-002,5564575.8,2024-05-01,26,False,
T-00394,Construction,DEPT-014,19131896.11,2024-12-05,16,False,
T-00395,Office Equipment,DEPT-021,214195.17,2024-02-17,12,False,
T-00396,Road Maintenance,DEPT-007,24636188.78,2025-09-01,24,False,
T-00397,Road Maintenance,DEPT-019,21133554.07,2026-03-05,20,False,
T-00398,Consulting,DEPT-014,798380.87,2024-11-04,15,False,
T-00399,IT Services,DEPT-015,7390482.5,2023-03-28,25,False,
T-00400,Office Equipment,DEPT-001,1311349.72,2024-04-01,17,False,
T-00401,Catering,DEPT-020,1085792.31,2024-03-12,17,False,
T-00402,Catering,DEPT-024,1223423.33,2024-11-09,22,False,
T-00403,Office Equipment,DEPT-013,628553.92,2024-01-13,10,False,
T-00404,Road Maintenance,DEPT-001,2314279.33,2023-06-01,21,False,
T-00405,Construction,DEPT-018,14737495.18,2023-08-24,14,False,
T-00406,Consulting,DEPT-015,4053696.55,2024-02-03,30,False,
T-00407,Road Maintenance,DEPT-002,1111168.55,2023-03-02,16,False,
T-00408,Office Equipment,DEPT-010,533573.8,2023-12-23,17,False,
T-00409,Consulting,DEPT-024,2111209.73,2023-12-23,20,False,
T-00410,Office Equipment,DEPT-006,829223.62,2024-02-06,10,False,
T-00411,Medical Supplies,DEPT-009,5531155.36,2023-07-27,10,False,
T-00412,Medical Supplies,DEPT-013,2176124.07,2023-08-16,20,False,
T-00413,Office Equipment,DEPT-010,553082.14,2025-07-23,17,False,
T-00414,Road Maintenance,DEPT-012,18700029.95,2023-12-17,26,False,
T-00415,Security Services,DEPT-023,2027984.59,2023-05-14,13,False,
T-00416,Medical Supplies,DEPT-005,1463938.21,2024-01-24,16,False,
T-00417,Security Services,DEPT-023,2028782.26,2025-02-05,20,False,
T-00418,Security Services,DEPT-021,907085.27,2024-05-15,11,False,
T-00419,Office Equipment,DEPT-018,305761.13,2024-08-25,14,False,
T-00420,Road Maintenance,DEPT-008,12960826.55,2023-04-20,30,False,
T-00421,Consulting,DEPT-005,2210842.16,2025-11-06,28,False,
T-00422,Catering,DEPT-007,1838207.21,2023-06-16,25,False,
T-00423,IT Services,DEPT-006,3090433.02,2025-11-07,22,False,
T-00424,Road Maintenance,DEPT-016,14934120.41,2025-11-28,24,False,
T-00425,Medical Supplies,DEPT-011,3848746.08,2025-02-04,26,False,
T-00426,Catering,DEPT-023,124879.47,2025-10-10,25,False,
T-00427,Consulting,DEPT-019,3384979.39,2025-04-01,30,False,
T-00428,Construction,DEPT-007,8765366.74,2024-03-25,16,False,
T-00429,Catering,DEPT-008,1926033.6,2025-03-21,16,False,
T-00430,Consulting,DEPT-014,913581.09,2025-02-11,28,False,
T-00431,Medical Supplies,DEPT-012,2575551.12,2024-06-05,27,False,
T-00432,IT Services,DEPT-005,957192.44,2023-06-22,19,False,
T-00433,Catering,DEPT-017,1994061.08,2024-12-21,17,False,
T-00434,Construction,DEPT-015,21083410.39,2025-11-15,29,False,
T-00435,Road Maintenance,DEPT-014,15289240.42,2025-07-12,24,False,
T-00436,Security Services,DEPT-014,641475.32,2025-01-22,25,False,
T-00437,Road Maintenance,DEPT-009,18999051.29,2025-02-22,10,False,
T-00438,Medical Supplies,DEPT-015,1377947.72,2024-04-23,18,False,
T-00439,IT Services,DEPT-012,7215018.03,2023-06-18,19,False,
T-00440,IT Services,DEPT-009,1879575.23,2024-04-11,13,False,
T-00441,IT Services,DEPT-003,1768295.45,2025-01-07,11,False,
T-00442,Office Equipment,DEPT-011,102997.02,2024-02-07,20,False,
T-00443,Consulting,DEPT-010,2465921.34,2024-07-16,16,False,
T-00444,Medical Supplies,DEPT-025,3454320.63,2026-01-17,18,False,
T-00445,Construction,DEPT-025,4496928.3,2024-09-05,19,False,
T-00446,Road Maintenance,DEPT-013,19612662.8,2025-04-10,28,False,
T-00447,Construction,DEPT-016,19224975.72,2025-11-15,14,False,
T-00448,Security Services,DEPT-008,2287804.97,2024-04-09,16,False,
T-00449,Catering,DEPT-008,937449.22,2025-11-22,28,False,
T-00450,Catering,DEPT-024,861449.82,2025-08-02,20,False,
T-00451,IT Services,DEPT-011,4609230.55,2024-01-20,23,False,
T-00452,Security Services,DEPT-007,958864.89,2025-06-17,24,False,
T-00453,Construction,DEPT-012,8913268.96,2023-10-12,28,False,
T-00454,Medical Supplies,DEPT-010,5191445.88,2023-01-20,25,False,
T-00455,Road Maintenance,DEPT-011,23706771.09,2024-04-06,23,False,
T-00456,Security Services,DEPT-022,1743913.54,2025-04-06,27,False,
T-00457,Consulting,DEPT-011,1499574.43,2026-04-17,10,False,
T-00458,Construction,DEPT-005,26471982.64,2023-11-11,20,False,
T-00459,Security Services,DEPT-013,1871443.02,2024-02-23,22,False,
T-00460,IT Services,DEPT-018,495474.94,2025-03-02,16,False,
T-00461,Catering,DEPT-004,396689.93,2024-11-04,28,False,
T-00462,Catering,DEPT-021,1460347.23,2024-09-15,12,False,
T-00463,Medical Supplies,DEPT-004,4004705.06,2026-02-06,15,False,
T-00464,Construction,DEPT-023,3029647.72,2025-09-27,10,False,
T-00465,Medical Supplies,DEPT-007,1448537.15,2023-05-23,22,False,
T-00466,Consulting,DEPT-007,1309159.02,2024-04-22,19,False,
T-00467,IT Services,DEPT-015,5473574.13,2023-04-28,21,False,
T-00468,Construction,DEPT-006,2749000.43,2024-10-31,23,False,
T-00469,Security Services,DEPT-006,774790.9,2023-08-15,14,False,
T-00470,Security Services,DEPT-016,3279697.91,2023-05-21,22,False,
T-00471,Office Equipment,DEPT-005,308889.76,2024-02-26,19,False,
T-00472,Security Services,DEPT-023,2749885.99,2025-08-30,15,False,
T-00473,Consulting,DEPT-019,1343277.35,2024-02-20,26,False,
T-00474,Catering,DEPT-009,288938.65,2024-02-18,10,False,
T-00475,Medical Supplies,DEPT-015,1572557.32,2023-05-12,22,False,
T-00476,Office Equipment,DEPT-017,1097287.05,2024-11-04,28,False,
T-00477,Catering,DEPT-015,1725823.29,2025-08-05,28,False,
T-00478,Construction,DEPT-024,33548354.85,2023-07-06,19,False,
T-00479,Catering,DEPT-012,854648.71,2024-09-01,22,False,
T-00480,Medical Supplies,DEPT-014,4058298.05,2024-05-25,15,False,
T-00481,Security Services,DEPT-015,1137943.46,2025-02-26,15,False,
T-00482,IT Services,DEPT-013,2557237.52,2023-03-31,17,False,
T-00483,Medical Supplies,DEPT-009,5393564.54,2026-01-06,19,False,
T-00484,IT Services,DEPT-023,400114.81,2024-03-20,25,False,
T-00485,Security Services,DEPT-025,707830.71,2026-02-06,13,False,
T-00486,Road Maintenance,DEPT-003,5989270.12,2023-08-04,26,False,
T-00487,Road Maintenance,DEPT-014,1636772.89,2025-07-12,15,False,
T-00488,Consulting,DEPT-007,1070890.09,2025-11-02,11,False,
T-00489,Catering,DEPT-001,1207778.97,2023-05-30,30,False,
T-00490,Catering,DEPT-013,900706.65,2024-12-04,22,False,
T-00491,Office Equipment,DEPT-013,1344373.98,2023-03-19,10,False,
T-00492,Consulting,DEPT-004,4123729.1,2023-10-07,20,False,
T-00493,Catering,DEPT-016,749452.97,2025-08-02,12,False,
T-00494,IT Services,DEPT-018,2297560.44,2024-05-11,24,False,
T-00495,Medical Supplies,DEPT-016,2371200.59,2024-07-25,15,False,
T-00496,Medical Supplies,DEPT-001,3603225.41,2023-07-25,15,False,
T-00497,Consulting,DEPT-004,1486705.48,2025-12-30,22,False,
T-00498,Medical Supplies,DEPT-003,3801271.11,2023-01-23,18,False,
T-00499,Medical Supplies,DEPT-015,2545058.17,2025-01-03,15,False,
T-00500,Office Equipment,DEPT-023,850468.41,2023-03-12,27,False,
T-00501,Office Equipment,DEPT-015,682383.47,2023-04-08,30,False,
T-00502,IT Services,DEPT-013,2567386.35,2024-09-23,24,False,
T-00503,Construction,DEPT-020,38041225.66,2023-01-10,11,False,
T-00504,Security Services,DEPT-025,3148980.86,2024-02-18,17,False,
T-00505,Road Maintenance,DEPT-008,4362716.22,2024-02-14,12,False,
T-00506,Construction,DEPT-014,35001783.08,2023-02-27,10,False,
T-00507,Road Maintenance,DEPT-007,12698348.76,2023-05-10,17,False,
T-00508,IT Services,DEPT-022,7188052.15,2023-12-10,15,False,
T-00509,Construction,DEPT-014,32394499.73,2025-11-15,13,False,
T-00510,Road Maintenance,DEPT-011,11205124.11,2026-02-25,30,False,
T-00511,Office Equipment,DEPT-020,82580.5,2024-02-29,27,False,
T-00512,Security Services,DEPT-014,1367238.49,2023-09-05,17,False,
T-00513,Office Equipment,DEPT-004,835369.61,2024-12-31,20,False,
T-00514,Medical Supplies,DEPT-001,3855847.59,2025-04-03,30,False,
T-00515,Road Maintenance,DEPT-001,7189304.45,2025-03-08,16,False,
T-00516,Catering,DEPT-008,364776.54,2023-05-16,18,False,
T-00517,Road Maintenance,DEPT-002,21038325.68,2023-05-18,16,False,
T-00518,Security Services,DEPT-010,3943847.85,2025-10-20,13,False,
T-00519,Medical Supplies,DEPT-009,3225287.57,2023-07-14,29,False,
T-00520,Road Maintenance,DEPT-021,5120302.86,2025-03-06,14,False,
T-00521,Road Maintenance,DEPT-006,7535375.84,2024-10-13,25,False,
T-00522,IT Services,DEPT-011,441608.21,2023-02-06,29,False,
T-00523,Catering,DEPT-013,1837167.73,2025-11-12,30,False,
T-00524,Office Equipment,DEPT-017,220739.07,2026-04-18,10,False,
T-00525,Office Equipment,DEPT-001,885948.89,2023-09-12,19,False,
T-00526,Office Equipment,DEPT-024,447380.07,2025-05-27,17,False,
T-00527,IT Services,DEPT-002,4567170.62,2023-10-09,21,False,
T-00528,Catering,DEPT-010,1337698.74,2024-02-18,14,False,
T-00529,Security Services,DEPT-007,3387070.49,2023-03-19,17,False,
T-00530,Catering,DEPT-024,492200.42,2024-11-04,14,False,
T-00531,Consulting,DEPT-011,252779.98,2023-03-23,26,False,
T-00532,Security Services,DEPT-021,892788.27,2024-08-13,10,False,
T-00533,Office Equipment,DEPT-024,1355027.03,2024-11-09,20,False,
T-00534,Office Equipment,DEPT-007,1317140.61,2026-01-09,11,False,
T-00535,Office Equipment,DEPT-022,916249.0,2024-03-31,29,False,
T-00536,Security Services,DEPT-017,2561860.7,2024-10-20,15,False,
T-00537,Catering,DEPT-021,1363569.68,2023-01-13,12,False,
T-00538,Catering,DEPT-003,433205.43,2024-01-30,11,False,
T-00539,Medical Supplies,DEPT-007,5499309.88,2023-09-15,12,False,
T-00540,Medical Supplies,DEPT-019,2599807.57,2026-01-29,16,False,
T-00541,Office Equipment,DEPT-017,605550.87,2023-06-10,23,False,
T-00542,Catering,DEPT-010,1085943.64,2023-12-03,16,False,
T-00543,Office Equipment,DEPT-014,118100.65,2023-12-28,29,False,
T-00544,Office Equipment,DEPT-010,291110.88,2024-08-07,28,False,
T-00545,Catering,DEPT-021,1502263.87,2024-02-17,18,False,
T-00546,Catering,DEPT-003,257317.47,2025-01-06,22,False,
T-00547,Security Services,DEPT-006,2571347.59,2025-08-22,24,False,
T-00548,Security Services,DEPT-017,1283256.79,2025-06-06,14,False,
T-00549,Catering,DEPT-001,839661.67,2025-02-20,23,False,
T-00550,IT Services,DEPT-025,2522941.77,2024-09-06,29,False,
T-00551,Medical Supplies,DEPT-018,2230685.39,2023-12-26,18,False,
T-00552,Security Services,DEPT-015,2988565.26,2024-09-18,24,False,
T-00553,Consulting,DEPT-013,1626184.23,2026-02-25,29,False,
T-00554,Catering,DEPT-003,1176168.82,2024-11-13,14,False,
T-00555,Catering,DEPT-007,1004495.76,2023-11-13,16,False,
T-00556,Construction,DEPT-001,27219504.28,2025-10-22,21,False,
T-00557,Catering,DEPT-013,1879976.5,2025-05-01,22,False,
T-00558,Road Maintenance,DEPT-013,18581730.33,2025-09-29,19,False,
T-00559,IT Services,DEPT-014,1955040.92,2023-03-21,13,False,
T-00560,Security Services,DEPT-019,512259.29,2023-11-29,16,False,
T-00561,Security Services,DEPT-009,1344150.56,2024-12-14,26,False,
T-00562,Catering,DEPT-021,1230648.07,2025-01-24,11,False,
T-00563,Security Services,DEPT-014,585132.93,2024-05-20,17,False,
T-00564,Catering,DEPT-002,1043095.87,2025-01-10,30,False,
T-00565,Construction,DEPT-023,24680028.26,2023-10-30,18,False,
T-00566,Catering,DEPT-022,735063.39,2023-10-29,18,False,
T-00567,Office Equipment,DEPT-020,1167822.7,2026-03-30,15,False,
T-00568,Construction,DEPT-004,6050733.62,2023-07-09,30,False,
T-00569,Security Services,DEPT-013,670496.01,2026-04-15,12,False,
T-00570,Office Equipment,DEPT-014,1105873.7,2023-12-06,23,False,
T-00571,Consulting,DEPT-023,2578358.32,2024-09-10,26,False,
T-00572,Security Services,DEPT-019,2878248.63,2024-09-22,23,False,
T-00573,IT Services,DEPT-004,3648170.51,2026-03-18,21,False,
T-00574,Medical Supplies,DEPT-009,1591451.89,2024-03-05,22,False,
T-00575,Consulting,DEPT-001,4131691.12,2023-12-11,25,False,
T-00576,Construction,DEPT-004,32377803.4,2023-05-24,23,False,
T-00577,Security Services,DEPT-021,2900907.3,2024-08-13,23,False,
T-00578,Medical Supplies,DEPT-006,1742049.05,2025-02-06,15,False,
T-00579,Medical Supplies,DEPT-007,3602849.4,2025-09-23,15,False,
T-00580,IT Services,DEPT-015,3079499.01,2026-03-07,16,False,
T-00581,Medical Supplies,DEPT-007,685755.13,2023-05-01,15,False,
T-00582,Office Equipment,DEPT-009,1380104.68,2025-04-17,24,False,
T-00583,IT Services,DEPT-021,1353503.46,2023-12-07,12,False,
T-00584,Consulting,DEPT-003,4761139.3,2025-02-12,13,False,
T-00585,Consulting,DEPT-003,2340827.71,2024-12-01,10,False,
T-00586,Office Equipment,DEPT-016,318442.75,2025-09-20,13,False,
T-00587,Construction,DEPT-002,22592236.0,2024-06-28,10,False,
T-00588,Construction,DEPT-004,35171941.76,2024-03-08,26,False,
T-00589,Construction,DEPT-013,29824545.68,2025-12-01,18,False,
T-00590,Catering,DEPT-016,1632466.18,2024-11-21,29,False,
T-00591,Security Services,DEPT-011,2771620.12,2025-01-29,20,False,
T-00592,Road Maintenance,DEPT-008,17614637.55,2025-01-09,22,False,
T-00593,Security Services,DEPT-020,3457104.35,2023-04-28,21,False,
T-00594,Road Maintenance,DEPT-004,6992032.21,2023-01-07,24,False,
T-00595,Security Services,DEPT-024,2161929.87,2023-10-12,10,False,
T-00596,IT Services,DEPT-017,2003312.7,2024-07-26,17,False,
T-00597,Road Maintenance,DEPT-015,24704032.19,2025-08-31,26,False,
T-00598,Security Services,DEPT-022,3798613.62,2024-01-20,10,False,
T-00599,Road Maintenance,DEPT-001,1946243.47,2025-01-07,11,False,
T-00600,Road Maintenance,DEPT-022,17933804.14,2025-06-28,17,False,
T-00601,Catering,DEPT-013,1857971.8,2023-06-16,21,False,
T-00602,Security Services,DEPT-016,1050071.24,2023-07-25,22,False,
T-00603,Consulting,DEPT-020,2926137.11,2024-02-04,14,False,
T-00604,Construction,DEPT-005,36788555.31,2025-10-16,12,False,
T-00605,Consulting,DEPT-022,362940.7,2026-01-28,24,False,
T-00606,Medical Supplies,DEPT-015,4229908.56,2023-08-25,25,False,
T-00607,Office Equipment,DEPT-008,481156.06,2024-03-09,15,False,
T-00608,IT Services,DEPT-004,7417850.7,2025-06-09,10,False,
T-00609,Medical Supplies,DEPT-011,5830690.73,2025-02-24,18,False,
T-00610,Office Equipment,DEPT-024,1419186.41,2024-06-11,25,False,
T-00611,IT Services,DEPT-022,3951449.47,2023-10-06,27,False,
T-00612,Catering,DEPT-003,1737881.04,2024-11-12,17,False,
T-00613,IT Services,DEPT-021,6803030.37,2024-12-03,22,False,
T-00614,Security Services,DEPT-021,1548761.7,2026-02-24,23,False,
T-00615,Office Equipment,DEPT-008,1251927.44,2024-06-14,13,False,
T-00616,Consulting,DEPT-003,377636.65,2023-08-17,12,False,
T-00617,Road Maintenance,DEPT-024,15310477.08,2026-04-27,16,False,
T-00618,IT Services,DEPT-019,2071068.05,2025-01-23,14,False,
T-00619,Road Maintenance,DEPT-013,3893605.26,2026-03-27,10,False,
T-00620,Consulting,DEPT-002,569375.37,2026-04-23,27,False,
T-00621,Office Equipment,DEPT-013,1059618.73,2025-05-17,20,False,
T-00622,Road Maintenance,DEPT-022,9156999.13,2023-09-16,26,False,
T-00623,Office Equipment,DEPT-004,1100911.82,2025-03-20,10,False,
T-00624,Catering,DEPT-011,224177.05,2023-10-24,19,False,
T-00625,Office Equipment,DEPT-016,507170.99,2025-07-22,14,False,
T-00626,Consulting,DEPT-005,2789558.2,2023-03-12,29,False,
T-00627,Road Maintenance,DEPT-010,19977355.96,2025-10-25,13,False,
T-00628,Consulting,DEPT-023,1730012.01,2026-03-21,25,False,
T-00629,Office Equipment,DEPT-016,957542.5,2024-08-19,22,False,
T-00630,Construction,DEPT-011,35667154.43,2023-11-09,16,False,
T-00631,Office Equipment,DEPT-023,943001.62,2023-04-18,15,False,
T-00632,Catering,DEPT-024,542623.0,2025-03-13,19,False,
T-00633,Medical Supplies,DEPT-001,292744.57,2026-01-27,22,False,
T-00634,Road Maintenance,DEPT-014,21882372.97,2025-08-27,21,False,
T-00635,Security Services,DEPT-013,476569.88,2023-05-28,26,False,
T-00636,Consulting,DEPT-010,4398568.03,2024-02-04,27,False,
T-00637,Security Services,DEPT-004,2304173.68,2023-09-26,20,False,
T-00638,Construction,DEPT-023,37684572.54,2024-09-14,24,False,
T-00639,Medical Supplies,DEPT-019,4822881.93,2023-10-09,24,False,
T-00640,Catering,DEPT-010,1996074.81,2023-10-24,16,False,
T-00641,Office Equipment,DEPT-024,558532.13,2024-02-05,30,False,
T-00642,Construction,DEPT-012,31153154.98,2026-03-24,13,False,
T-00643,Medical Supplies,DEPT-013,2501295.84,2025-05-24,15,False,
T-00644,Construction,DEPT-004,20235273.57,2024-12-29,25,False,
T-00645,Medical Supplies,DEPT-002,3820906.96,2023-08-29,26,False,
T-00646,Road Maintenance,DEPT-019,21968250.74,2025-06-07,14,False,
T-00647,Security Services,DEPT-008,3942700.49,2023-03-11,13,False,
T-00648,Office Equipment,DEPT-013,1163996.45,2025-09-27,19,False,
T-00649,Medical Supplies,DEPT-021,2593935.68,2025-02-07,12,False,
T-00650,Catering,DEPT-021,900578.3,2025-02-21,18,False,
T-00651,Catering,DEPT-012,1501406.37,2023-01-24,13,False,
T-00652,IT Services,DEPT-003,2138584.02,2023-09-07,25,False,
T-00653,Office Equipment,DEPT-001,210187.46,2026-04-16,28,False,
T-00654,Catering,DEPT-009,773782.1,2023-07-13,28,False,
T-00655,Medical Supplies,DEPT-013,1830348.1,2025-09-18,30,False,
T-00656,Security Services,DEPT-010,1466709.23,2026-03-16,14,False,
T-00657,IT Services,DEPT-011,2098779.68,2023-05-11,27,False,
T-00658,Medical Supplies,DEPT-013,396245.16,2023-02-10,22,False,
T-00659,Catering,DEPT-003,133960.48,2025-11-28,28,False,
T-00660,IT Services,DEPT-025,7905462.4,2024-02-29,13,False,
T-00661,Medical Supplies,DEPT-020,2652472.83,2024-01-04,10,False,
T-00662,Catering,DEPT-011,830220.63,2023-09-09,11,False,
T-00663,Medical Supplies,DEPT-019,4125936.6,2024-02-27,30,False,
T-00664,Medical Supplies,DEPT-003,1426785.24,2026-02-25,18,False,
T-00665,Construction,DEPT-003,38098524.99,2023-09-13,26,False,
T-00666,Consulting,DEPT-012,3974456.07,2026-01-19,15,False,
T-00667,Security Services,DEPT-022,721879.61,2023-01-01,17,False,
T-00668,Consulting,DEPT-002,2204387.72,2025-11-29,19,False,
T-00669,Catering,DEPT-005,1770324.78,2026-03-27,25,False,
T-00670,Road Maintenance,DEPT-017,23673568.53,2024-12-22,29,False,
T-00671,Office Equipment,DEPT-023,727732.19,2023-07-22,11,False,
T-00672,Office Equipment,DEPT-002,939446.51,2024-01-21,14,False,
T-00673,Consulting,DEPT-007,1001762.94,2023-10-02,29,False,
T-00674,Office Equipment,DEPT-019,1487194.51,2025-01-05,18,False,
T-00675,Medical Supplies,DEPT-024,1505279.45,2025-05-14,12,False,
T-00676,Consulting,DEPT-009,4725112.52,2025-02-20,30,False,
T-00677,Medical Supplies,DEPT-013,3950432.9,2025-07-23,12,False,
T-00678,Consulting,DEPT-022,3117136.62,2025-05-21,14,False,
T-00679,Office Equipment,DEPT-003,793398.34,2024-07-05,30,False,
T-00680,Office Equipment,DEPT-023,384471.23,2025-02-01,28,False,
T-00681,Medical Supplies,DEPT-014,1182688.99,2023-11-11,20,False,
T-00682,Security Services,DEPT-013,1193750.35,2023-02-23,29,False,
T-00683,Office Equipment,DEPT-003,320335.48,2024-07-07,13,False,
T-00684,IT Services,DEPT-022,6302800.45,2026-01-28,23,False,
T-00685,IT Services,DEPT-011,2995964.5,2023-07-02,21,False,
T-00686,Road Maintenance,DEPT-025,2388224.24,2024-07-13,14,False,
T-00687,Office Equipment,DEPT-009,1455198.81,2023-01-21,13,False,
T-00688,Security Services,DEPT-008,3581629.19,2025-02-14,13,False,
T-00689,IT Services,DEPT-006,7443692.58,2025-12-14,19,False,
T-00690,Catering,DEPT-004,1990324.86,2025-12-19,21,False,
T-00691,Consulting,DEPT-018,1034697.2,2024-07-09,29,False,
T-00692,IT Services,DEPT-002,3351063.55,2023-12-16,20,False,
T-00693,Security Services,DEPT-006,3129658.51,2024-12-07,27,False,
T-00694,Security Services,DEPT-016,2905674.22,2026-04-28,14,False,
T-00695,Consulting,DEPT-001,938700.35,2025-11-17,14,False,
T-00696,Medical Supplies,DEPT-005,4922623.78,2025-02-14,28,False,
T-00697,Consulting,DEPT-002,1277314.74,2025-01-28,17,False,
T-00698,Security Services,DEPT-023,1205743.41,2025-07-26,15,False,
T-00699,Catering,DEPT-012,1120251.4,2025-08-17,26,False,
T-00700,Consulting,DEPT-009,3046111.69,2025-05-26,26,False,
T-00701,Office Equipment,DEPT-010,891125.0,2023-06-28,19,False,
T-00702,Security Services,DEPT-025,729352.61,2024-10-02,12,False,
T-00703,IT Services,DEPT-003,7056448.64,2024-05-06,12,False,
T-00704,Medical Supplies,DEPT-019,1703760.25,2023-04-28,12,False,
T-00705,Consulting,DEPT-018,821671.62,2025-10-06,10,False,
T-00706,Security Services,DEPT-022,3599493.09,2025-11-07,14,False,
T-00707,Catering,DEPT-016,1915737.85,2025-11-20,27,False,
T-00708,IT Services,DEPT-013,6938382.65,2023-01-29,29,False,
T-00709,Office Equipment,DEPT-024,1223798.31,2023-01-15,23,False,
T-00710,Road Maintenance,DEPT-008,16725807.54,2025-12-17,29,False,
T-00711,Construction,DEPT-020,22932580.08,2025-07-07,15,False,
T-00712,Office Equipment,DEPT-006,176130.8,2023-06-03,21,False,
T-00713,Medical Supplies,DEPT-017,2539451.3,2024-12-24,11,False,
T-00714,Security Services,DEPT-016,1741678.66,2025-02-15,15,False,
T-00715,Road Maintenance,DEPT-004,7234090.81,2024-11-23,17,False,
T-00716,IT Services,DEPT-010,5870334.88,2024-09-04,25,False,
T-00717,Consulting,DEPT-009,2580203.53,2024-03-12,10,False,
T-00718,Security Services,DEPT-007,691766.38,2024-09-16,30,False,
T-00719,Construction,DEPT-015,10366961.67,2025-09-26,11,False,
T-00720,Road Maintenance,DEPT-001,17398210.33,2025-07-31,20,False,
T-00721,Consulting,DEPT-012,565428.13,2023-08-08,10,False,
T-00722,Road Maintenance,DEPT-024,21428965.94,2024-01-17,22,False,
T-00723,Road Maintenance,DEPT-001,12883516.65,2023-07-27,23,False,
T-00724,Catering,DEPT-007,1013114.5,2023-06-23,26,False,
T-00725,Medical Supplies,DEPT-014,3615585.54,2023-09-11,25,False,
T-00726,Construction,DEPT-005,33337876.71,2024-05-27,17,False,
T-00727,Catering,DEPT-013,760837.5,2025-02-05,19,False,
T-00728,Road Maintenance,DEPT-014,17272387.66,2024-01-09,27,False,
T-00729,Consulting,DEPT-004,2915513.43,2025-06-17,24,False,
T-00730,Medical Supplies,DEPT-005,1712115.38,2024-12-25,23,False,
T-00731,Construction,DEPT-012,35387939.48,2024-02-11,13,False,
T-00732,Office Equipment,DEPT-010,1206267.73,2023-03-24,14,False,
T-00733,Security Services,DEPT-014,2770426.6,2024-11-09,11,False,
T-00734,Medical Supplies,DEPT-022,5125903.12,2024-02-12,25,False,
T-00735,Consulting,DEPT-004,4363012.16,2025-05-12,25,False,
T-00736,Catering,DEPT-022,1445889.66,2023-09-18,20,False,
T-00737,Security Services,DEPT-017,3413247.98,2025-03-07,14,False,
T-00738,IT Services,DEPT-004,5670530.25,2023-02-13,14,False,
T-00739,Medical Supplies,DEPT-012,4128823.51,2025-10-21,10,False,
T-00740,Office Equipment,DEPT-002,946986.5,2024-12-01,23,False,
T-00741,Construction,DEPT-014,30603232.3,2025-09-10,19,False,
T-00742,Consulting,DEPT-016,961304.51,2023-06-19,23,False,
T-00743,Office Equipment,DEPT-020,1327262.6,2023-11-09,26,False,
T-00744,Medical Supplies,DEPT-008,5250284.64,2024-07-29,13,False,
T-00745,Consulting,DEPT-023,340386.96,2024-05-21,23,False,
T-00746,Office Equipment,DEPT-016,1247434.29,2023-07-31,26,False,
T-00747,Medical Supplies,DEPT-007,903888.72,2026-04-25,30,False,
T-00748,Medical Supplies,DEPT-008,2110445.3,2023-09-04,14,False,
T-00749,Security Services,DEPT-002,3076629.72,2024-07-14,16,False,
T-00750,Medical Supplies,DEPT-014,1090445.39,2023-02-06,29,False,
T-00751,Office Equipment,DEPT-003,1236052.18,2023-04-15,22,False,
T-00752,Security Services,DEPT-017,3395683.04,2024-09-19,30,False,
T-00753,Office Equipment,DEPT-008,785828.21,2024-11-19,23,False,
T-00754,Catering,DEPT-002,112133.16,2025-11-10,23,False,
T-00755,Construction,DEPT-010,12907449.06,2023-08-14,18,False,
T-00756,Road Maintenance,DEPT-009,15806246.04,2024-12-19,23,False,
T-00757,Office Equipment,DEPT-011,1472719.96,2023-04-08,15,False,
T-00758,Construction,DEPT-001,26008914.03,2023-04-17,20,False,
T-00759,Office Equipment,DEPT-010,426715.19,2025-08-24,18,False,
T-00760,IT Services,DEPT-014,5181843.91,2024-01-14,18,False,
T-00761,Catering,DEPT-012,1125972.22,2024-11-15,19,False,
T-00762,IT Services,DEPT-004,6304809.54,2023-01-28,27,False,
T-00763,Medical Supplies,DEPT-011,775836.74,2025-01-08,21,False,
T-00764,Road Maintenance,DEPT-008,19264669.66,2024-07-19,16,False,
T-00765,Security Services,DEPT-003,2348559.68,2023-08-06,14,False,
T-00766,IT Services,DEPT-002,7715038.43,2026-04-16,30,False,
T-00767,Office Equipment,DEPT-007,545714.64,2025-07-01,13,False,
T-00768,IT Services,DEPT-018,5171188.58,2024-12-03,19,False,
T-00769,Catering,DEPT-025,1870853.4,2024-02-18,27,False,
T-00770,Medical Supplies,DEPT-002,749681.91,2023-09-19,16,False,
T-00771,Security Services,DEPT-018,3774022.55,2024-06-01,27,False,
T-00772,Road Maintenance,DEPT-012,17509257.34,2025-07-07,30,False,
T-00773,IT Services,DEPT-014,822345.36,2023-05-19,25,False,
T-00774,Security Services,DEPT-017,1483468.84,2025-10-28,10,False,
T-00775,Medical Supplies,DEPT-020,4292806.72,2024-07-15,14,False,
T-00776,Consulting,DEPT-002,523282.89,2026-03-05,11,False,
T-00777,Office Equipment,DEPT-024,894147.17,2025-03-25,25,False,
T-00778,IT Services,DEPT-006,2963299.54,2025-06-15,26,False,
T-00779,Security Services,DEPT-018,2635295.86,2025-03-10,22,False,
T-00780,Consulting,DEPT-007,419561.76,2024-01-12,10,False,
T-00781,Medical Supplies,DEPT-019,5248490.32,2024-03-22,28,False,
T-00782,Construction,DEPT-017,38992580.83,2025-07-21,26,False,
T-00783,Consulting,DEPT-010,4850613.71,2024-03-27,19,False,
T-00784,Consulting,DEPT-018,3798328.79,2023-09-01,15,False,
T-00785,Office Equipment,DEPT-002,238625.05,2025-12-28,17,False,
T-00786,Consulting,DEPT-002,3839663.34,2023-10-31,18,False,
T-00787,Medical Supplies,DEPT-009,293833.46,2023-04-16,30,False,
T-00788,Office Equipment,DEPT-007,82079.15,2025-12-30,13,False,
T-00789,Construction,DEPT-021,14297188.33,2024-12-12,30,False,
T-00790,Road Maintenance,DEPT-011,12727436.57,2023-06-20,27,False,
T-00791,Consulting,DEPT-024,3897955.61,2023-10-01,23,False,
T-00792,Consulting,DEPT-011,3479817.81,2023-04-28,30,False,
T-00793,Construction,DEPT-012,18944302.84,2024-03-25,18,False,
T-00794,Medical Supplies,DEPT-009,1750716.0,2023-02-02,27,False,
T-00795,IT Services,DEPT-024,7977858.65,2025-02-21,30,False,
T-00796,Consulting,DEPT-021,2245670.25,2026-02-02,16,False,
T-00797,Catering,DEPT-008,957635.35,2024-10-26,18,False,
T-00798,Office Equipment,DEPT-019,287254.54,2025-03-20,14,False,
T-00799,Catering,DEPT-008,1610138.14,2025-06-07,21,False,
T-00800,Medical Supplies,DEPT-016,4208041.02,2023-07-11,25,False,
T-00801,Medical Supplies,DEPT-015,1441502.23,2024-01-14,15,False,
T-00802,Office Equipment,DEPT-019,169452.52,2025-10-01,15,False,
T-00803,Consulting,DEPT-001,3466396.65,2024-09-27,15,False,
T-00804,Medical Supplies,DEPT-013,3978890.6,2024-01-20,12,False,
T-00805,Medical Supplies,DEPT-003,1748568.23,2025-05-23,17,False,
T-00806,Catering,DEPT-021,1906640.77,2025-04-04,13,False,
T-00807,Medical Supplies,DEPT-024,1033688.67,2023-01-25,29,False,
T-00808,IT Services,DEPT-013,3628977.97,2025-02-25,10,False,
T-00809,IT Services,DEPT-001,7565842.59,2023-03-31,14,False,
T-00810,Office Equipment,DEPT-025,658604.61,2023-06-21,18,False,
T-00811,Medical Supplies,DEPT-021,3885376.79,2023-01-28,10,False,
T-00812,IT Services,DEPT-018,3361476.86,2024-11-24,12,False,
T-00813,Office Equipment,DEPT-005,447612.04,2025-09-10,28,False,
T-00814,Catering,DEPT-006,1969557.53,2024-09-21,20,False,
T-00815,Catering,DEPT-005,877734.61,2024-05-14,11,False,
T-00816,Consulting,DEPT-021,4491676.18,2026-01-18,13,False,
T-00817,Construction,DEPT-002,10738275.02,2023-07-30,27,False,
T-00818,Consulting,DEPT-004,1222902.58,2025-11-13,23,False,
T-00819,Medical Supplies,DEPT-001,332134.38,2024-04-04,10,False,
T-00820,Office Equipment,DEPT-014,994916.9,2025-02-28,14,False,
T-00821,Road Maintenance,DEPT-021,9844632.25,2024-08-10,17,False,
T-00822,Security Services,DEPT-022,3511689.7,2023-08-19,25,False,
T-00823,Medical Supplies,DEPT-004,2918277.95,2024-04-04,13,False,
T-00824,Consulting,DEPT-012,4847328.45,2023-06-06,29,False,
T-00825,Road Maintenance,DEPT-004,5452612.38,2025-01-08,12,False,
T-00826,Construction,DEPT-020,35007680.38,2023-11-06,15,False,
T-00827,Security Services,DEPT-017,3195748.67,2024-11-16,29,False,
T-00828,Medical Supplies,DEPT-022,4659892.79,2025-05-20,14,False,
T-00829,Consulting,DEPT-020,4254959.49,2024-08-10,21,False,
T-00830,IT Services,DEPT-009,6159884.73,2025-10-19,21,False,
T-00831,Consulting,DEPT-023,3205857.54,2023-06-06,10,False,
T-00832,Medical Supplies,DEPT-025,917782.53,2023-10-28,20,False,
T-00833,Medical Supplies,DEPT-013,340278.15,2025-07-03,25,False,
T-00834,IT Services,DEPT-004,7390528.43,2026-03-29,23,False,
T-00835,Consulting,DEPT-005,3159921.51,2023-07-05,20,False,
T-00836,Medical Supplies,DEPT-006,4809743.15,2025-02-27,21,False,
T-00837,Road Maintenance,DEPT-016,12556536.44,2025-05-18,25,False,
T-00838,Security Services,DEPT-020,822309.48,2024-11-13,14,False,
T-00839,Office Equipment,DEPT-013,231519.4,2025-05-07,27,False,
T-00840,Catering,DEPT-018,1402574.05,2025-12-29,25,False,
T-00841,Office Equipment,DEPT-013,673943.55,2023-06-21,28,False,
T-00842,Security Services,DEPT-017,1121889.02,2026-03-29,17,False,
T-00843,IT Services,DEPT-008,4085278.01,2025-01-10,10,False,
T-00844,Office Equipment,DEPT-001,143102.96,2025-01-12,27,False,
T-00845,Catering,DEPT-005,1205745.66,2023-08-14,11,False,
T-00846,Road Maintenance,DEPT-012,7455841.71,2023-10-13,19,False,
T-00847,Catering,DEPT-005,1615362.29,2026-02-03,23,False,
T-00848,Office Equipment,DEPT-007,500024.84,2024-04-04,11,False,
T-00849,Medical Supplies,DEPT-004,2813037.87,2023-10-21,22,False,
T-00850,Construction,DEPT-023,2441580.52,2025-05-19,21,False,
T-00851,Construction,DEPT-023,4752981.74,2023-08-06,28,False,
T-00852,IT Services,DEPT-016,3322200.38,2026-05-01,15,False,
T-00853,Construction,DEPT-005,20237675.72,2025-01-18,14,False,
T-00854,IT Services,DEPT-008,4920158.22,2023-06-07,10,False,
T-00855,Security Services,DEPT-005,1449985.28,2024-01-09,25,False,
T-00856,Medical Supplies,DEPT-024,4215644.03,2025-12-16,19,False,
T-00857,Catering,DEPT-014,1734232.55,2024-11-21,24,False,
T-00858,Construction,DEPT-010,31634337.58,2023-08-16,14,False,
T-00859,Construction,DEPT-021,3505515.36,2023-03-07,29,False,
T-00860,Medical Supplies,DEPT-017,2960965.64,2023-11-25,10,False,
T-00861,Security Services,DEPT-014,777748.64,2025-07-19,27,False,
T-00862,Consulting,DEPT-019,1361816.08,2025-10-24,19,False,
T-00863,Office Equipment,DEPT-014,1480660.76,2023-11-18,18,False,
T-00864,IT Services,DEPT-017,1397215.68,2025-02-12,14,False,
T-00865,Office Equipment,DEPT-013,773387.82,2023-04-25,17,False,
T-00866,Security Services,DEPT-006,2625360.64,2026-02-19,29,False,
T-00867,IT Services,DEPT-023,5708980.27,2025-08-17,25,False,
T-00868,Road Maintenance,DEPT-021,14431568.4,2025-04-09,22,False,
T-00869,Medical Supplies,DEPT-002,207159.46,2025-01-30,30,False,
T-00870,Security Services,DEPT-007,1575260.71,2024-07-06,13,False,
T-00871,IT Services,DEPT-003,4286379.65,2025-01-12,29,False,
T-00872,Road Maintenance,DEPT-001,3108795.98,2024-05-05,19,False,
T-00873,Medical Supplies,DEPT-018,2201167.55,2023-08-07,12,False,
T-00874,Office Equipment,DEPT-020,98144.51,2023-01-23,19,False,
T-00875,Office Equipment,DEPT-018,163938.82,2024-02-18,30,False,
T-00876,Construction,DEPT-008,17083084.5,2024-07-05,12,False,
T-00877,Construction,DEPT-019,7043198.65,2025-09-17,11,False,
T-00878,Construction,DEPT-011,23566552.23,2023-07-10,19,False,
T-00879,Construction,DEPT-012,28199668.83,2024-08-01,22,False,
T-00880,Office Equipment,DEPT-011,1210850.71,2025-03-11,21,False,
T-00881,Medical Supplies,DEPT-023,1320878.93,2023-07-19,20,False,
T-00882,Security Services,DEPT-024,1002937.3,2025-10-28,13,False,
T-00883,Medical Supplies,DEPT-001,761721.87,2026-04-17,22,False,
T-00884,Catering,DEPT-019,1309217.47,2023-03-18,19,False,
T-00885,Medical Supplies,DEPT-005,4282883.0,2025-08-06,12,False,
T-00886,IT Services,DEPT-023,543213.32,2024-04-19,16,False,
T-00887,Medical Supplies,DEPT-025,5626841.64,2023-11-26,26,False,
T-00888,Road Maintenance,DEPT-015,2247310.81,2023-09-26,20,False,
T-00889,Consulting,DEPT-012,2798222.41,2025-06-01,11,False,
T-00890,Security Services,DEPT-008,2952617.87,2024-03-03,29,False,
T-00891,IT Services,DEPT-005,7006462.25,2026-03-07,30,False,
T-00892,Catering,DEPT-004,1456765.17,2023-01-31,14,False,
T-00893,Consulting,DEPT-018,4048294.8,2023-06-28,25,False,
T-00894,IT Services,DEPT-015,2913766.48,2024-10-04,15,False,
T-00895,Consulting,DEPT-006,4111160.55,2023-05-20,18,False,
T-00896,Road Maintenance,DEPT-012,2922756.31,2023-07-02,12,False,
T-00897,Medical Supplies,DEPT-023,5384677.44,2025-08-01,18,False,
T-00898,Catering,DEPT-009,1140425.51,2025-06-24,30,False,
T-00899,Medical Supplies,DEPT-004,4931191.95,2026-03-10,25,False,
T-00900,Construction,DEPT-012,19188094.81,2024-08-10,22,False,
T-00901,Security Services,DEPT-020,2716879.7,2023-09-22,24,False,
T-00902,Road Maintenance,DEPT-017,13633663.86,2024-10-04,21,False,
T-00903,IT Services,DEPT-022,5933239.32,2025-04-26,26,False,
T-00904,Catering,DEPT-009,255096.97,2023-03-29,29,False,
T-00905,Construction,DEPT-024,4293379.19,2024-05-16,27,False,
T-00906,Construction,DEPT-005,11389922.89,2023-08-04,19,False,
T-00907,Security Services,DEPT-006,974360.85,2026-03-13,22,False,
T-00908,IT Services,DEPT-008,7012733.46,2025-03-06,24,False,
T-00909,IT Services,DEPT-012,1987947.7,2025-08-12,24,False,
T-00910,Catering,DEPT-004,1954143.99,2023-06-25,15,False,
T-00911,IT Services,DEPT-013,2894097.6,2025-06-06,16,False,
T-00912,Security Services,DEPT-011,1055624.5,2023-05-13,20,False,
T-00913,Road Maintenance,DEPT-020,19952764.17,2025-09-22,16,False,
T-00914,Catering,DEPT-004,1351544.77,2024-07-24,24,False,
T-00915,Construction,DEPT-018,20931437.23,2023-11-15,25,False,
T-00916,Medical Supplies,DEPT-021,3398876.77,2024-03-13,20,False,
T-00917,Construction,DEPT-020,29329667.57,2025-02-17,11,False,
T-00918,Road Maintenance,DEPT-014,6482913.79,2025-08-27,16,False,
T-00919,Construction,DEPT-007,39860688.81,2023-02-16,23,False,
T-00920,Consulting,DEPT-009,4879007.18,2023-12-27,12,False,
T-00921,Medical Supplies,DEPT-003,3954405.27,2024-07-14,22,False,
T-00922,IT Services,DEPT-010,1836476.87,2025-07-13,23,False,
T-00923,Office Equipment,DEPT-022,1036330.95,2024-06-15,15,False,
T-00924,Construction,DEPT-003,4743539.54,2025-05-27,20,False,
T-00925,Consulting,DEPT-006,347132.01,2024-02-11,21,False,
T-00926,Security Services,DEPT-016,1327658.4,2025-08-31,27,False,
T-00927,Medical Supplies,DEPT-023,2856344.3,2025-06-13,21,False,
T-00928,Security Services,DEPT-001,3525781.02,2026-02-22,29,False,
T-00929,Office Equipment,DEPT-003,1104395.15,2026-03-30,29,False,
T-00930,Medical Supplies,DEPT-011,4494833.15,2024-10-10,10,False,
T-00931,Medical Supplies,DEPT-015,2639136.01,2023-10-30,25,False,
T-00932,Road Maintenance,DEPT-004,9302439.82,2025-04-12,18,False,
T-00933,Construction,DEPT-015,16099472.99,2023-09-15,30,False,
T-00934,Catering,DEPT-021,1976534.17,2026-03-30,13,False,
T-00935,Construction,DEPT-007,3524149.27,2024-01-20,23,False,
T-00936,Medical Supplies,DEPT-020,5222134.25,2025-02-12,16,False,
T-00937,Road Maintenance,DEPT-007,14888209.81,2024-01-27,28,False,
T-00938,Construction,DEPT-012,18667385.93,2025-01-15,10,False,
T-00939,Consulting,DEPT-010,3681236.77,2025-10-25,13,False,
T-00940,Catering,DEPT-021,1024670.99,2025-07-22,23,False,
T-00941,Security Services,DEPT-012,3544323.66,2024-12-22,27,False,
T-00942,Security Services,DEPT-017,3642526.71,2024-11-18,13,False,
T-00943,Medical Supplies,DEPT-015,2617067.42,2025-05-27,21,False,
T-00944,Medical Supplies,DEPT-018,1769442.61,2023-11-30,27,False,
T-00945,Security Services,DEPT-013,2532461.18,2024-08-06,23,False,
T-00946,Consulting,DEPT-023,4579344.06,2023-07-23,12,False,
T-00947,IT Services,DEPT-003,1922098.86,2023-02-03,29,False,
T-00948,Security Services,DEPT-004,2642679.7,2025-10-13,29,False,
T-00949,IT Services,DEPT-021,5163013.69,2025-06-28,26,False,
T-00950,Construction,DEPT-022,29858294.85,2024-08-16,23,False,
T-00951,Office Equipment,DEPT-008,240773.14,2025-07-20,27,False,
T-00952,Security Services,DEPT-004,2976969.87,2024-02-05,25,False,
T-00953,IT Services,DEPT-012,7299550.41,2025-08-08,23,False,
T-00954,Security Services,DEPT-001,1046859.19,2025-02-06,17,False,
T-00955,Consulting,DEPT-009,1340207.96,2024-06-25,19,False,
T-00956,Security Services,DEPT-022,3897022.34,2024-05-09,10,False,
T-00957,Security Services,DEPT-002,1051517.03,2023-02-01,10,False,
T-00958,Medical Supplies,DEPT-012,5148152.8,2025-11-28,29,False,
T-00959,Road Maintenance,DEPT-011,12814668.55,2023-12-16,28,False,
T-00960,Security Services,DEPT-008,1290031.87,2026-02-12,22,False,
T-00961,Office Equipment,DEPT-020,1312587.36,2025-03-16,11,False,
T-00962,Security Services,DEPT-005,2003098.92,2025-03-10,15,False,
T-00963,Security Services,DEPT-011,2253342.47,2025-11-25,15,False,
T-00964,Security Services,DEPT-008,1693240.13,2023-07-23,14,False,
T-00965,IT Services,DEPT-021,4865721.56,2026-03-27,22,False,
T-00966,Consulting,DEPT-018,984914.59,2023-11-22,20,False,
T-00967,Office Equipment,DEPT-003,617068.23,2023-07-11,10,False,
T-00968,Security Services,DEPT-001,3889884.36,2026-04-30,14,False,
T-00969,Construction,DEPT-020,11809070.44,2026-01-18,12,False,
T-00970,Security Services,DEPT-001,2764251.99,2023-09-25,24,False,
T-00971,Road Maintenance,DEPT-006,8804561.54,2024-05-05,30,False,
T-00972,Office Equipment,DEPT-010,1171536.03,2024-02-01,27,False,
T-00973,Office Equipment,DEPT-024,239766.81,2025-02-13,18,False,
T-00974,Construction,DEPT-009,38853199.71,2023-06-19,14,False,
T-00975,Construction,DEPT-021,19244002.57,2026-04-01,13,False,
T-00976,IT Services,DEPT-015,2117588.57,2023-09-09,13,False,
T-00977,Medical Supplies,DEPT-010,579955.97,2024-06-20,15,False,
T-00978,IT Services,DEPT-003,1607135.87,2025-10-09,21,False,
T-00979,Office Equipment,DEPT-013,803672.23,2023-07-26,25,False,
T-00980,Construction,DEPT-014,14806120.7,2023-05-31,25,False,
T-00981,IT Services,DEPT-007,6682401.92,2025-05-09,22,False,
T-00982,Road Maintenance,DEPT-021,11341300.57,2025-07-12,15,False,
T-00983,Medical Supplies,DEPT-010,1604978.49,2023-01-21,15,False,
T-00984,Construction,DEPT-004,25451509.49,2024-12-03,21,False,
T-00985,Catering,DEPT-020,1442876.71,2026-01-24,10,False,
T-00986,Medical Supplies,DEPT-017,1127195.16,2024-06-05,13,False,
T-00987,Office Equipment,DEPT-020,293047.86,2023-03-02,27,False,
T-00988,Construction,DEPT-017,3393514.22,2025-11-14,14,False,
T-00989,Office Equipment,DEPT-012,1117782.92,2023-08-24,16,False,
T-00990,Construction,DEPT-011,27224572.05,2023-10-11,17,False,
T-00991,IT Services,DEPT-024,3954657.74,2023-09-17,18,False,
T-00992,Consulting,DEPT-016,4252018.16,2024-02-13,12,False,
T-00993,Road Maintenance,DEPT-023,20336083.67,2026-02-03,30,False,
T-00994,Consulting,DEPT-015,3009700.95,2025-10-12,23,False,
T-00995,Security Services,DEPT-007,3525776.61,2024-05-27,15,False,
T-00996,Office Equipment,DEPT-022,348469.75,2024-07-29,22,False,
T-00997,IT Services,DEPT-019,1161781.07,2026-04-18,19,False,
T-00998,Medical Supplies,DEPT-007,1728035.23,2025-09-26,23,False,
T-00999,Catering,DEPT-014,208465.03,2024-07-10,20,False,
T-01000,IT Services,DEPT-020,4390005.37,2025-02-23,23,False,
T-01001,Office Equipment,DEPT-019,1408078.25,2024-12-23,21,False,
T-01002,IT Services,DEPT-015,602945.26,2023-12-09,11,False,
T-01003,Consulting,DEPT-019,786127.59,2025-04-19,19,False,
T-01004,Road Maintenance,DEPT-013,11852776.68,2023-03-03,13,False,
T-01005,Medical Supplies,DEPT-011,5613168.85,2025-05-29,15,False,
T-01006,Road Maintenance,DEPT-008,8587746.52,2023-05-29,16,False,
T-01007,Road Maintenance,DEPT-012,13173635.41,2023-10-25,20,False,
T-01008,IT Services,DEPT-001,620111.01,2024-10-14,10,False,
T-01009,Road Maintenance,DEPT-007,4560236.82,2025-08-11,28,False,
T-01010,Road Maintenance,DEPT-008,24679122.95,2026-02-24,12,False,
T-01011,Security Services,DEPT-010,3874427.31,2024-03-10,26,False,
T-01012,Office Equipment,DEPT-004,57162.97,2026-02-22,18,False,
T-01013,IT Services,DEPT-019,7628950.75,2025-05-13,23,False,
T-01014,Road Maintenance,DEPT-011,16338878.51,2024-02-10,16,False,
T-01015,Construction,DEPT-016,34980895.19,2025-10-18,11,False,
T-01016,Consulting,DEPT-014,2382751.31,2023-09-02,13,False,
T-01017,Catering,DEPT-006,1079632.45,2024-10-31,28,False,
T-01018,Security Services,DEPT-008,2159847.69,2026-03-26,10,False,
T-01019,Consulting,DEPT-001,3400948.44,2026-03-25,10,False,
T-01020,Catering,DEPT-010,365337.38,2023-09-26,22,False,
T-01021,Construction,DEPT-018,3138996.42,2025-12-16,11,False,
T-01022,Road Maintenance,DEPT-021,8390318.6,2023-02-03,12,False,
T-01023,Catering,DEPT-004,1438893.45,2025-04-30,19,False,
T-01024,Consulting,DEPT-011,1168896.57,2024-12-09,22,False,
T-01025,IT Services,DEPT-018,5485429.74,2024-10-03,25,False,
T-01026,Construction,DEPT-013,38856657.75,2024-09-03,24,False,
T-01027,Catering,DEPT-021,278411.36,2023-09-06,21,False,
T-01028,IT Services,DEPT-001,5479036.31,2024-04-03,11,False,
T-01029,Construction,DEPT-005,18862508.33,2023-08-04,20,False,
T-01030,Security Services,DEPT-008,3525312.12,2023-12-15,12,False,
T-01031,Office Equipment,DEPT-024,306867.19,2025-01-25,27,False,
T-01032,Construction,DEPT-023,28319786.18,2023-04-18,18,False,
T-01033,Construction,DEPT-004,33848381.01,2023-04-09,19,False,
T-01034,IT Services,DEPT-009,7573529.49,2024-11-05,29,False,
T-01035,Security Services,DEPT-009,2859692.9,2023-12-15,14,False,
T-01036,Catering,DEPT-004,1044632.05,2023-09-16,20,False,
T-01037,Medical Supplies,DEPT-025,3764406.36,2026-04-11,23,False,
T-01038,Catering,DEPT-022,1750919.47,2023-09-08,26,False,
T-01039,Office Equipment,DEPT-019,877384.13,2025-09-05,25,False,
T-01040,Consulting,DEPT-011,345857.89,2025-09-15,17,False,
T-01041,IT Services,DEPT-009,7468304.96,2024-08-29,12,False,
T-01042,Road Maintenance,DEPT-018,17548642.02,2024-05-11,30,False,
T-01043,Office Equipment,DEPT-023,1030944.41,2023-06-09,12,False,
T-01044,Catering,DEPT-002,509782.79,2024-03-11,10,False,
T-01045,Office Equipment,DEPT-015,1005383.93,2025-02-27,16,False,
T-01046,Catering,DEPT-004,848342.37,2024-11-28,16,False,
T-01047,Road Maintenance,DEPT-025,16629591.45,2024-09-30,24,False,
T-01048,Medical Supplies,DEPT-017,773569.23,2023-08-05,14,False,
T-01049,Office Equipment,DEPT-012,1003875.69,2025-02-28,24,False,
T-01050,Office Equipment,DEPT-025,1499149.9,2025-03-30,16,False,
T-01051,IT Services,DEPT-009,671232.7,2025-05-16,15,False,
T-01052,Consulting,DEPT-019,4890436.08,2023-07-29,14,False,
T-01053,Catering,DEPT-004,873125.13,2023-08-14,17,False,
T-01054,Construction,DEPT-015,35088631.11,2024-01-19,18,False,
T-01055,Construction,DEPT-016,31730648.39,2025-12-23,24,False,
T-01056,Road Maintenance,DEPT-009,14608390.26,2023-08-31,27,False,
T-01057,IT Services,DEPT-012,5986058.91,2025-06-02,16,False,
T-01058,Medical Supplies,DEPT-013,5289316.03,2025-10-25,23,False,
T-01059,Road Maintenance,DEPT-002,10699367.72,2025-06-22,18,False,
T-01060,Road Maintenance,DEPT-004,8848795.88,2023-04-11,30,False,
T-01061,Security Services,DEPT-024,2803336.19,2025-05-15,16,False,
T-01062,Consulting,DEPT-007,4077660.52,2025-04-04,15,False,
T-01063,Consulting,DEPT-017,3858968.65,2025-10-07,26,False,
T-01064,Security Services,DEPT-004,3272129.14,2023-04-13,30,False,
T-01065,Office Equipment,DEPT-004,681595.81,2024-03-25,13,False,
T-01066,Construction,DEPT-002,33077700.21,2026-03-24,18,False,
T-01067,Office Equipment,DEPT-003,224303.13,2025-12-25,13,False,
T-01068,Consulting,DEPT-008,2813547.67,2025-04-08,22,False,
T-01069,Security Services,DEPT-004,420731.18,2024-03-26,18,False,
T-01070,Catering,DEPT-007,716713.08,2023-12-17,16,False,
T-01071,Road Maintenance,DEPT-021,9795076.84,2024-08-12,29,False,
T-01072,Consulting,DEPT-024,2101628.92,2023-01-07,13,False,
T-01073,Medical Supplies,DEPT-017,4218483.16,2025-09-03,19,False,
T-01074,Office Equipment,DEPT-006,613409.25,2024-10-07,12,False,
T-01075,Medical Supplies,DEPT-006,2774857.69,2024-11-11,24,False,
T-01076,Medical Supplies,DEPT-001,1539633.17,2025-08-29,23,False,
T-01077,Road Maintenance,DEPT-001,9958043.0,2023-12-30,18,False,
T-01078,IT Services,DEPT-006,2049976.13,2023-01-20,29,False,
T-01079,Road Maintenance,DEPT-016,2756702.17,2026-04-09,10,False,
T-01080,Catering,DEPT-008,1246552.33,2025-08-25,13,False,
T-01081,Construction,DEPT-001,27392086.35,2026-03-07,19,False,
T-01082,Office Equipment,DEPT-017,948261.0,2025-10-27,15,False,
T-01083,Medical Supplies,DEPT-025,2861440.16,2023-07-12,13,False,
T-01084,Consulting,DEPT-024,2022971.74,2024-11-18,24,False,
T-01085,Catering,DEPT-024,1740333.93,2024-12-19,27,False,
T-01086,Consulting,DEPT-022,2691592.57,2025-09-23,18,False,
T-01087,Road Maintenance,DEPT-015,12500365.06,2023-01-28,21,False,
T-01088,Consulting,DEPT-023,323081.92,2024-11-14,26,False,
T-01089,Catering,DEPT-004,748370.87,2024-07-06,26,False,
T-01090,Construction,DEPT-005,16447433.51,2025-04-20,17,False,
T-01091,Medical Supplies,DEPT-012,2483113.27,2025-10-16,10,False,
T-01092,Office Equipment,DEPT-019,891249.94,2025-06-01,21,False,
T-01093,Office Equipment,DEPT-024,823723.69,2023-07-02,16,False,
T-01094,Security Services,DEPT-021,2588458.33,2023-08-10,18,False,
T-01095,Catering,DEPT-017,1553278.2,2023-12-25,18,False,
T-01096,Road Maintenance,DEPT-011,20511657.73,2025-03-11,28,False,
T-01097,Security Services,DEPT-009,2985243.07,2024-09-25,16,False,
T-01098,Construction,DEPT-019,38309900.45,2025-12-01,20,False,
T-01099,IT Services,DEPT-014,440390.89,2025-07-20,28,False,
T-01100,Road Maintenance,DEPT-010,5698671.66,2023-08-14,10,False,
T-01101,Catering,DEPT-022,114369.46,2023-10-29,24,False,
T-01102,Medical Supplies,DEPT-017,3937727.08,2024-08-16,29,False,
T-01103,Medical Supplies,DEPT-010,5403478.71,2025-09-24,19,False,
T-01104,IT Services,DEPT-010,2174813.68,2023-02-01,24,False,
T-01105,Construction,DEPT-007,37227312.7,2024-08-02,28,False,
T-01106,IT Services,DEPT-002,764058.91,2025-09-27,19,False,
T-01107,Construction,DEPT-014,37508569.02,2024-12-22,10,False,
T-01108,Construction,DEPT-009,15361662.12,2023-10-10,21,False,
T-01109,Consulting,DEPT-017,686819.98,2026-02-22,14,False,
T-01110,IT Services,DEPT-023,4041212.55,2024-07-08,14,False,
T-01111,Office Equipment,DEPT-014,422326.02,2026-04-13,12,False,
T-01112,Consulting,DEPT-008,1567389.93,2023-03-07,25,False,
T-01113,Road Maintenance,DEPT-008,8374959.16,2025-03-02,23,False,
T-01114,Security Services,DEPT-004,3290893.23,2024-06-19,19,False,
T-01115,Consulting,DEPT-006,2787974.13,2026-02-28,23,False,
T-01116,Road Maintenance,DEPT-019,8471384.78,2023-10-13,16,False,
T-01117,Consulting,DEPT-005,3129602.16,2025-05-02,27,False,
T-01118,Office Equipment,DEPT-010,1088418.48,2024-09-16,12,False,
T-01119,Consulting,DEPT-019,1508595.2,2025-08-02,27,False,
T-01120,Medical Supplies,DEPT-013,2569262.24,2025-06-13,13,False,
T-01121,Medical Supplies,DEPT-017,863033.65,2025-06-24,20,False,
T-01122,Road Maintenance,DEPT-015,5347584.39,2024-12-26,23,False,
T-01123,Catering,DEPT-014,1394123.92,2025-04-20,24,False,
T-01124,Construction,DEPT-018,8894657.21,2023-02-24,23,False,
T-01125,IT Services,DEPT-025,4343758.05,2023-10-15,29,False,
T-01126,Consulting,DEPT-008,3603422.06,2026-04-03,26,False,
T-01127,Road Maintenance,DEPT-005,3565046.15,2026-01-17,28,False,
T-01128,Consulting,DEPT-002,2923098.65,2025-03-15,14,False,
T-01129,Security Services,DEPT-022,1323626.02,2023-01-13,24,False,
T-01130,Catering,DEPT-002,1929561.06,2023-06-23,11,False,
T-01131,Consulting,DEPT-021,2521019.1,2023-08-08,20,False,
T-01132,IT Services,DEPT-010,6506142.63,2026-03-04,25,False,
T-01133,Road Maintenance,DEPT-002,14205437.01,2023-09-06,28,False,
T-01134,Construction,DEPT-023,3649676.25,2024-02-24,26,False,
T-01135,Medical Supplies,DEPT-018,3853935.55,2025-10-11,14,False,
T-01136,Office Equipment,DEPT-022,1429534.85,2023-11-13,19,False,
T-01137,Consulting,DEPT-024,3087736.74,2023-01-14,25,False,
T-01138,Office Equipment,DEPT-004,1237823.85,2023-05-18,10,False,
T-01139,Medical Supplies,DEPT-020,5322607.81,2023-09-05,26,False,
T-01140,IT Services,DEPT-008,2056214.24,2024-02-23,13,False,
T-01141,Catering,DEPT-001,502885.2,2025-11-01,24,False,
T-01142,Security Services,DEPT-002,2599531.56,2023-09-07,19,False,
T-01143,Security Services,DEPT-016,1879702.49,2024-01-12,17,False,
T-01144,Consulting,DEPT-020,4231334.25,2025-06-18,29,False,
T-01145,IT Services,DEPT-014,7230178.05,2023-10-27,30,False,
T-01146,Construction,DEPT-006,15430012.41,2023-10-18,17,False,
T-01147,Medical Supplies,DEPT-017,1535692.77,2026-01-24,16,False,
T-01148,Catering,DEPT-016,1582998.48,2024-08-16,19,False,
T-01149,IT Services,DEPT-019,2416006.47,2025-10-06,21,False,
T-01150,Consulting,DEPT-013,4148548.73,2025-03-01,13,False,
T-01151,Catering,DEPT-014,905102.68,2025-05-20,14,False,
T-01152,Construction,DEPT-010,27366896.17,2025-07-25,13,False,
T-01153,Security Services,DEPT-001,743927.13,2026-04-03,19,False,
T-01154,Construction,DEPT-021,25706654.34,2025-06-29,11,False,
T-01155,Road Maintenance,DEPT-005,11842424.29,2025-08-16,24,False,
T-01156,Consulting,DEPT-001,3015720.62,2023-11-21,21,False,
T-01157,Office Equipment,DEPT-012,293620.6,2025-12-11,22,False,
T-01158,IT Services,DEPT-006,5973927.84,2023-11-07,21,False,
T-01159,Road Maintenance,DEPT-015,21707129.86,2023-10-14,18,False,
T-01160,Consulting,DEPT-013,1240351.04,2023-05-20,30,False,
T-01161,Catering,DEPT-013,281857.66,2025-08-24,29,False,
T-01162,Medical Supplies,DEPT-019,288285.73,2025-11-04,26,False,
T-01163,Consulting,DEPT-005,3281463.2,2024-10-25,28,False,
T-01164,Road Maintenance,DEPT-019,15570256.87,2025-04-06,12,False,
T-01165,Construction,DEPT-001,22774501.68,2023-11-22,17,False,
T-01166,IT Services,DEPT-022,2085992.64,2023-08-06,25,False,
T-01167,Catering,DEPT-011,842721.39,2024-04-19,17,False,
T-01168,IT Services,DEPT-006,4877467.78,2025-02-25,23,False,
T-01169,IT Services,DEPT-002,4125104.81,2024-05-27,13,False,
T-01170,Construction,DEPT-024,39535849.77,2023-05-30,24,False,
T-01171,Road Maintenance,DEPT-020,4274554.06,2023-03-02,15,False,
T-01172,Road Maintenance,DEPT-004,17683469.3,2025-07-09,22,False,
T-01173,Medical Supplies,DEPT-021,2515264.79,2026-03-21,27,False,
T-01174,Office Equipment,DEPT-007,670889.44,2024-06-01,25,False,
T-01175,Catering,DEPT-022,1463435.75,2024-08-08,17,False,
T-01176,Office Equipment,DEPT-024,1054032.42,2023-11-28,23,False,
T-01177,Office Equipment,DEPT-003,1487321.19,2026-04-07,10,False,
T-01178,IT Services,DEPT-007,1288636.03,2023-03-10,14,False,
T-01179,Construction,DEPT-012,5956166.68,2025-04-15,28,False,
T-01180,IT Services,DEPT-011,5877408.89,2024-01-15,30,False,
T-01181,Catering,DEPT-007,1198935.14,2024-02-29,28,False,
T-01182,Catering,DEPT-017,620905.27,2024-12-22,21,False,
T-01183,Medical Supplies,DEPT-003,614603.31,2025-06-17,23,False,
T-01184,Security Services,DEPT-003,708369.7,2026-03-11,12,False,
T-01185,Medical Supplies,DEPT-017,5381016.62,2024-09-02,13,False,
T-01186,IT Services,DEPT-016,1777378.4,2024-04-17,11,False,
T-01187,Road Maintenance,DEPT-001,8760917.49,2024-04-03,19,False,
T-01188,Consulting,DEPT-013,1287950.73,2025-01-02,12,False,
T-01189,Medical Supplies,DEPT-010,2226728.39,2023-06-03,27,False,
T-01190,Office Equipment,DEPT-017,150664.57,2025-10-21,19,False,
T-01191,Security Services,DEPT-020,2268615.25,2023-04-27,27,False,
T-01192,IT Services,DEPT-019,820616.74,2025-08-22,18,False,
T-01193,Construction,DEPT-002,32413547.3,2024-11-23,23,False,
T-01194,Consulting,DEPT-007,1321817.99,2024-11-16,11,False,
T-01195,Medical Supplies,DEPT-007,3309069.7,2026-01-25,20,False,
T-01196,Construction,DEPT-008,35443005.33,2025-10-07,12,False,
T-01197,Construction,DEPT-012,26733340.02,2023-05-25,23,False,
T-01198,IT Services,DEPT-018,4403774.96,2025-09-07,14,False,
T-01199,Consulting,DEPT-024,1756802.01,2023-03-27,13,False,
